gbifID	datasetKey	occurrenceID	kingdom	phylum	class	order	family	genus	species	infraspecificEpithet	taxonRank	scientificName	verbatimScientificName	verbatimScientificNameAuthorship	countryCode	locality	stateProvince	occurrenceStatus	individualCount	publishingOrgKey	decimalLatitude	decimalLongitude	coordinateUncertaintyInMeters	coordinatePrecision	elevation	elevationAccuracy	depth	depthAccuracy	eventDate	day	month	year	taxonKey	speciesKey	basisOfRecord	institutionCode	collectionCode	catalogNumber	recordNumber	identifiedBy	dateIdentified	license	rightsHolder	recordedBy	typeStatus	establishmentMeans	lastInterpreted	mediaType	issue
1038878019	e61455a4-352d-4c55-83ea-dbca254e3b29	CTP050612007265A00015a	Animalia	Chordata	Mammalia	Carnivora	Felidae	Panthera	Panthera tigris	tigris	SUBSPECIES	Panthera tigris tigris (Linnaeus, 1758)	Panthera tigris tigris (Linnaeus, 1758)		IN	East Rajaji National Park	Uttarakhand	PRESENT		4a19e429-8f13-478e-86d7-93adb7534524	29.9488	78.2889		0.01667					2007-05-21	21	5	2007	5K5M9	4CGXS	MACHINE_OBSERVATION	WII		CTP050612007265A00015a		Abishek Harihar, Bivash Pandav		CC_BY_NC_4_0					2026-08-12T22:41:01.765Z	StillImage	GEODETIC_DATUM_ASSUMED_WGS84;IDENTIFIED_DATE_INVALID
1020587408	e61455a4-352d-4c55-83ea-dbca254e3b29	CTP050612011650B00171a	Animalia	Chordata	Mammalia	Carnivora	Felidae	Panthera	Panthera tigris	tigris	SUBSPECIES	Panthera tigris tigris (Linnaeus, 1758)	Panthera tigris tigris (Linnaeus, 1758)		IN	Dehradun	Uttarakhand	PRESENT		4a19e429-8f13-478e-86d7-93adb7534524	30.0636	78.2964		0.01667					2011-12-22	22	12	2011	5K5M9	4CGXS	MACHINE_OBSERVATION	WII		CTP050612011650B00171a		Abishek Harihar		CC_BY_NC_4_0					2026-08-12T22:41:01.763Z	StillImage	GEODETIC_DATUM_ASSUMED_WGS84;IDENTIFIED_DATE_INVALID
1020587407	e61455a4-352d-4c55-83ea-dbca254e3b29	CTP050612011650B00396a	Animalia	Chordata	Mammalia	Carnivora	Felidae	Panthera	Panthera tigris	tigris	SUBSPECIES	Panthera tigris tigris (Linnaeus, 1758)	Panthera tigris tigris (Linnaeus, 1758)		IN	Dehradun	Uttarakhand	PRESENT		4a19e429-8f13-478e-86d7-93adb7534524	30.0636	78.2964		0.01667					2011-12-27	27	12	2011	5K5M9	4CGXS	MACHINE_OBSERVATION	WII		CTP050612011650B00396a		Abishek Harihar		CC_BY_NC_4_0					2026-08-12T22:41:01.760Z	StillImage	GEODETIC_DATUM_ASSUMED_WGS84;IDENTIFIED_DATE_INVALID
1020587406	e61455a4-352d-4c55-83ea-dbca254e3b29	CTP050612011450B00119a	Animalia	Chordata	Mammalia	Carnivora	Felidae	Panthera	Panthera tigris	tigris	SUBSPECIES	Panthera tigris tigris (Linnaeus, 1758)	Panthera tigris tigris (Linnaeus, 1758)		IN	Dehradun	Uttarakhand	PRESENT		4a19e429-8f13-478e-86d7-93adb7534524	29.9862	78.2892		0.01667					2011-12-18	18	12	2011	5K5M9	4CGXS	MACHINE_OBSERVATION	WII		CTP050612011450B00119a		Abishek Harihar		CC_BY_NC_4_0					2026-08-12T22:41:01.755Z	StillImage	GEODETIC_DATUM_ASSUMED_WGS84;IDENTIFIED_DATE_INVALID
1020587405	e61455a4-352d-4c55-83ea-dbca254e3b29	CTP050612011650A00387a	Animalia	Chordata	Mammalia	Carnivora	Felidae	Panthera	Panthera tigris	tigris	SUBSPECIES	Panthera tigris tigris (Linnaeus, 1758)	Panthera tigris tigris (Linnaeus, 1758)		IN	Dehradun	Uttarakhand	PRESENT		4a19e429-8f13-478e-86d7-93adb7534524	30.0636	78.2964		0.01667					2011-12-27	27	12	2011	5K5M9	4CGXS	MACHINE_OBSERVATION	WII		CTP050612011650A00387a		Abishek Harihar		CC_BY_NC_4_0					2026-08-12T22:41:01.753Z	StillImage	GEODETIC_DATUM_ASSUMED_WGS84;IDENTIFIED_DATE_INVALID
1020587404	e61455a4-352d-4c55-83ea-dbca254e3b29	CTP050612011650A00176a	Animalia	Chordata	Mammalia	Carnivora	Felidae	Panthera	Panthera tigris	tigris	SUBSPECIES	Panthera tigris tigris (Linnaeus, 1758)	Panthera tigris tigris (Linnaeus, 1758)		IN	Dehradun	Uttarakhand	PRESENT		4a19e429-8f13-478e-86d7-93adb7534524	30.0636	78.2964		0.01667					2011-12-22	22	12	2011	5K5M9	4CGXS	MACHINE_OBSERVATION	WII		CTP050612011650A00176a		Abishek Harihar		CC_BY_NC_4_0					2026-08-12T22:41:01.751Z	StillImage	GEODETIC_DATUM_ASSUMED_WGS84;IDENTIFIED_DATE_INVALID
1020587403	e61455a4-352d-4c55-83ea-dbca254e3b29	CTP050612011650B00181a	Animalia	Chordata	Mammalia	Carnivora	Felidae	Panthera	Panthera tigris	tigris	SUBSPECIES	Panthera tigris tigris (Linnaeus, 1758)	Panthera tigris tigris (Linnaeus, 1758)		IN	Dehradun	Uttarakhand	PRESENT		4a19e429-8f13-478e-86d7-93adb7534524	30.0636	78.2964		0.01667					2011-12-22	22	12	2011	5K5M9	4CGXS	MACHINE_OBSERVATION	WII		CTP050612011650B00181a		Abishek Harihar		CC_BY_NC_4_0					2026-08-12T22:41:01.748Z	StillImage	GEODETIC_DATUM_ASSUMED_WGS84;IDENTIFIED_DATE_INVALID
1020587402	e61455a4-352d-4c55-83ea-dbca254e3b29	CTP050612011346B00511a	Animalia	Chordata	Mammalia	Carnivora	Felidae	Panthera	Panthera tigris	tigris	SUBSPECIES	Panthera tigris tigris (Linnaeus, 1758)	Panthera tigris tigris (Linnaeus, 1758)		IN	Dehradun	Uttarakhand	PRESENT		4a19e429-8f13-478e-86d7-93adb7534524	29.9592	78.2563		0.01667					2011-12-19	19	12	2011	5K5M9	4CGXS	MACHINE_OBSERVATION	WII		CTP050612011346B00511a		Abishek Harihar		CC_BY_NC_4_0					2026-08-12T22:41:01.745Z	StillImage	GEODETIC_DATUM_ASSUMED_WGS84;IDENTIFIED_DATE_INVALID
1020587401	e61455a4-352d-4c55-83ea-dbca254e3b29	CTP050612011640A00518a	Animalia	Chordata	Mammalia	Carnivora	Felidae	Panthera	Panthera tigris	tigris	SUBSPECIES	Panthera tigris tigris (Linnaeus, 1758)	Panthera tigris tigris (Linnaeus, 1758)		IN	Dehradun	Uttarakhand	PRESENT		4a19e429-8f13-478e-86d7-93adb7534524	30.0717	78.3185		0.01667					2011-12-26	26	12	2011	5K5M9	4CGXS	MACHINE_OBSERVATION	WII		CTP050612011640A00518a		Abishek Harihar		CC_BY_NC_4_0					2026-08-12T22:41:01.742Z	StillImage	GEODETIC_DATUM_ASSUMED_WGS84;IDENTIFIED_DATE_INVALID
1020587400	e61455a4-352d-4c55-83ea-dbca254e3b29	CTP050612011650A00036a	Animalia	Chordata	Mammalia	Carnivora	Felidae	Panthera	Panthera tigris	tigris	SUBSPECIES	Panthera tigris tigris (Linnaeus, 1758)	Panthera tigris tigris (Linnaeus, 1758)		IN	Dehradun	Uttarakhand	PRESENT		4a19e429-8f13-478e-86d7-93adb7534524	30.0636	78.2964		0.01667					2011-12-15	15	12	2011	5K5M9	4CGXS	MACHINE_OBSERVATION	WII		CTP050612011650A00036a		Abishek Harihar		CC_BY_NC_4_0					2026-08-12T22:41:01.737Z	StillImage	GEODETIC_DATUM_ASSUMED_WGS84;IDENTIFIED_DATE_INVALID
1020587399	e61455a4-352d-4c55-83ea-dbca254e3b29	CTP050612011430B00436a	Animalia	Chordata	Mammalia	Carnivora	Felidae	Panthera	Panthera tigris	tigris	SUBSPECIES	Panthera tigris tigris (Linnaeus, 1758)	Panthera tigris tigris (Linnaeus, 1758)		IN	Dehradun	Uttarakhand	PRESENT		4a19e429-8f13-478e-86d7-93adb7534524	29.9685	78.2145		0.01667					2011-12-19	19	12	2011	5K5M9	4CGXS	MACHINE_OBSERVATION	WII		CTP050612011430B00436a		Abishek Harihar		CC_BY_NC_4_0					2026-08-12T22:41:01.734Z	StillImage	GEODETIC_DATUM_ASSUMED_WGS84;IDENTIFIED_DATE_INVALID
1020587398	e61455a4-352d-4c55-83ea-dbca254e3b29	CTP050612011460A00176a	Animalia	Chordata	Mammalia	Carnivora	Felidae	Panthera	Panthera tigris	tigris	SUBSPECIES	Panthera tigris tigris (Linnaeus, 1758)	Panthera tigris tigris (Linnaeus, 1758)		IN	Dehradun	Uttarakhand	PRESENT		4a19e429-8f13-478e-86d7-93adb7534524	29.9937	78.2737		0.01667					2011-12-20	20	12	2011	5K5M9	4CGXS	MACHINE_OBSERVATION	WII		CTP050612011460A00176a		Abishek Harihar		CC_BY_NC_4_0					2026-08-12T22:41:01.731Z	StillImage	GEODETIC_DATUM_ASSUMED_WGS84;IDENTIFIED_DATE_INVALID
1020587397	e61455a4-352d-4c55-83ea-dbca254e3b29	CTP050612011420A00116a	Animalia	Chordata	Mammalia	Carnivora	Felidae	Panthera	Panthera tigris	tigris	SUBSPECIES	Panthera tigris tigris (Linnaeus, 1758)	Panthera tigris tigris (Linnaeus, 1758)		IN	Dehradun	Uttarakhand	PRESENT		4a19e429-8f13-478e-86d7-93adb7534524	29.9702	78.2303		0.01667					2011-12-21	21	12	2011	5K5M9	4CGXS	MACHINE_OBSERVATION	WII		CTP050612011420A00116a		Abishek Harihar		CC_BY_NC_4_0					2026-08-12T22:41:01.727Z	StillImage	GEODETIC_DATUM_ASSUMED_WGS84;IDENTIFIED_DATE_INVALID
1020587396	e61455a4-352d-4c55-83ea-dbca254e3b29	CTP050612011424A00259a	Animalia	Chordata	Mammalia	Carnivora	Felidae	Panthera	Panthera tigris	tigris	SUBSPECIES	Panthera tigris tigris (Linnaeus, 1758)	Panthera tigris tigris (Linnaeus, 1758)		IN	Dehradun	Uttarakhand	PRESENT		4a19e429-8f13-478e-86d7-93adb7534524	29.9827	78.2244		0.01667					2011-12-18	18	12	2011	5K5M9	4CGXS	MACHINE_OBSERVATION	WII		CTP050612011424A00259a		Abishek Harihar		CC_BY_NC_4_0					2026-08-12T22:41:01.695Z	StillImage	GEODETIC_DATUM_ASSUMED_WGS84;IDENTIFIED_DATE_INVALID
1020587395	e61455a4-352d-4c55-83ea-dbca254e3b29	CTP050612011700A00256a	Animalia	Chordata	Mammalia	Carnivora	Felidae	Panthera	Panthera tigris	tigris	SUBSPECIES	Panthera tigris tigris (Linnaeus, 1758)	Panthera tigris tigris (Linnaeus, 1758)		IN	Dehradun	Uttarakhand	PRESENT		4a19e429-8f13-478e-86d7-93adb7534524	30.0834	78.3061		0.01667					2011-12-18	18	12	2011	5K5M9	4CGXS	MACHINE_OBSERVATION	WII		CTP050612011700A00256a		Abishek Harihar		CC_BY_NC_4_0					2026-08-12T22:41:01.671Z	StillImage	GEODETIC_DATUM_ASSUMED_WGS84;IDENTIFIED_DATE_INVALID
1020587394	e61455a4-352d-4c55-83ea-dbca254e3b29	CTP050612011420B00065a	Animalia	Chordata	Mammalia	Carnivora	Felidae	Panthera	Panthera tigris	tigris	SUBSPECIES	Panthera tigris tigris (Linnaeus, 1758)	Panthera tigris tigris (Linnaeus, 1758)		IN	Dehradun	Uttarakhand	PRESENT		4a19e429-8f13-478e-86d7-93adb7534524	29.9702	78.2303		0.01667					2011-12-16	16	12	2011	5K5M9	4CGXS	MACHINE_OBSERVATION	WII		CTP050612011420B00065a		Abishek Harihar		CC_BY_NC_4_0					2026-08-12T22:41:01.649Z	StillImage	GEODETIC_DATUM_ASSUMED_WGS84;IDENTIFIED_DATE_INVALID
1020587393	e61455a4-352d-4c55-83ea-dbca254e3b29	CTP050612011474A00314a	Animalia	Chordata	Mammalia	Carnivora	Felidae	Panthera	Panthera tigris	tigris	SUBSPECIES	Panthera tigris tigris (Linnaeus, 1758)	Panthera tigris tigris (Linnaeus, 1758)		IN	Dehradun	Uttarakhand	PRESENT		4a19e429-8f13-478e-86d7-93adb7534524	30.0007	78.26		0.01667					2011-12-25	25	12	2011	5K5M9	4CGXS	MACHINE_OBSERVATION	WII		CTP050612011474A00314a		Abishek Harihar		CC_BY_NC_4_0					2026-08-12T22:41:01.646Z	StillImage	GEODETIC_DATUM_ASSUMED_WGS84;IDENTIFIED_DATE_INVALID
1020587392	e61455a4-352d-4c55-83ea-dbca254e3b29	CTP050612011420B00118a	Animalia	Chordata	Mammalia	Carnivora	Felidae	Panthera	Panthera tigris	tigris	SUBSPECIES	Panthera tigris tigris (Linnaeus, 1758)	Panthera tigris tigris (Linnaeus, 1758)		IN	Dehradun	Uttarakhand	PRESENT		4a19e429-8f13-478e-86d7-93adb7534524	29.9702	78.2303		0.01667					2011-12-22	22	12	2011	5K5M9	4CGXS	MACHINE_OBSERVATION	WII		CTP050612011420B00118a		Abishek Harihar		CC_BY_NC_4_0					2026-08-12T22:41:01.643Z	StillImage	GEODETIC_DATUM_ASSUMED_WGS84;IDENTIFIED_DATE_INVALID
1020587391	e61455a4-352d-4c55-83ea-dbca254e3b29	CTP050612011321B00178a	Animalia	Chordata	Mammalia	Carnivora	Felidae	Panthera	Panthera tigris	tigris	SUBSPECIES	Panthera tigris tigris (Linnaeus, 1758)	Panthera tigris tigris (Linnaeus, 1758)		IN	Dehradun	Uttarakhand	PRESENT		4a19e429-8f13-478e-86d7-93adb7534524	29.9554	78.2965		0.01667					2011-02-17	17	2	2011	5K5M9	4CGXS	MACHINE_OBSERVATION	WII		CTP050612011321B00178a		Abishek Harihar		CC_BY_NC_4_0					2026-08-12T22:41:01.641Z	StillImage	GEODETIC_DATUM_ASSUMED_WGS84;IDENTIFIED_DATE_INVALID
1020587390	e61455a4-352d-4c55-83ea-dbca254e3b29	CTP050612011650B00204a	Animalia	Chordata	Mammalia	Carnivora	Felidae	Panthera	Panthera tigris	tigris	SUBSPECIES	Panthera tigris tigris (Linnaeus, 1758)	Panthera tigris tigris (Linnaeus, 1758)		IN	Dehradun	Uttarakhand	PRESENT		4a19e429-8f13-478e-86d7-93adb7534524	30.0636	78.2964		0.01667					2011-12-23	23	12	2011	5K5M9	4CGXS	MACHINE_OBSERVATION	WII		CTP050612011650B00204a		Abishek Harihar		CC_BY_NC_4_0					2026-08-12T22:41:01.640Z	StillImage	GEODETIC_DATUM_ASSUMED_WGS84;IDENTIFIED_DATE_INVALID
1020587389	e61455a4-352d-4c55-83ea-dbca254e3b29	CTP050612011420A00084a	Animalia	Chordata	Mammalia	Carnivora	Felidae	Panthera	Panthera tigris	tigris	SUBSPECIES	Panthera tigris tigris (Linnaeus, 1758)	Panthera tigris tigris (Linnaeus, 1758)		IN	Dehradun	Uttarakhand	PRESENT		4a19e429-8f13-478e-86d7-93adb7534524	29.9702	78.2303		0.01667					2011-12-17	17	12	2011	5K5M9	4CGXS	MACHINE_OBSERVATION	WII		CTP050612011420A00084a		Abishek Harihar		CC_BY_NC_4_0					2026-08-12T22:41:01.638Z	StillImage	GEODETIC_DATUM_ASSUMED_WGS84;IDENTIFIED_DATE_INVALID
1020587388	e61455a4-352d-4c55-83ea-dbca254e3b29	CTP050612011410A00179a	Animalia	Chordata	Mammalia	Carnivora	Felidae	Panthera	Panthera tigris	tigris	SUBSPECIES	Panthera tigris tigris (Linnaeus, 1758)	Panthera tigris tigris (Linnaeus, 1758)		IN	Dehradun	Uttarakhand	PRESENT		4a19e429-8f13-478e-86d7-93adb7534524	29.9685	78.2448		0.01667					2011-02-18	18	2	2011	5K5M9	4CGXS	MACHINE_OBSERVATION	WII		CTP050612011410A00179a		Abishek Harihar		CC_BY_NC_4_0					2026-08-12T22:41:01.636Z	StillImage	GEODETIC_DATUM_ASSUMED_WGS84;IDENTIFIED_DATE_INVALID
1020587387	e61455a4-352d-4c55-83ea-dbca254e3b29	CTP050612011650A00171a	Animalia	Chordata	Mammalia	Carnivora	Felidae	Panthera	Panthera tigris	tigris	SUBSPECIES	Panthera tigris tigris (Linnaeus, 1758)	Panthera tigris tigris (Linnaeus, 1758)		IN	Dehradun	Uttarakhand	PRESENT		4a19e429-8f13-478e-86d7-93adb7534524	30.0636	78.2964		0.01667					2011-12-22	22	12	2011	5K5M9	4CGXS	MACHINE_OBSERVATION	WII		CTP050612011650A00171a		Abishek Harihar		CC_BY_NC_4_0					2026-08-12T22:41:01.634Z	StillImage	GEODETIC_DATUM_ASSUMED_WGS84;IDENTIFIED_DATE_INVALID
1020587386	e61455a4-352d-4c55-83ea-dbca254e3b29	CTP050612011411A00136a	Animalia	Chordata	Mammalia	Carnivora	Felidae	Panthera	Panthera tigris	tigris	SUBSPECIES	Panthera tigris tigris (Linnaeus, 1758)	Panthera tigris tigris (Linnaeus, 1758)		IN	Dehradun	Uttarakhand	PRESENT		4a19e429-8f13-478e-86d7-93adb7534524	29.9707	78.262		0.01667					2011-12-20	20	12	2011	5K5M9	4CGXS	MACHINE_OBSERVATION	WII		CTP050612011411A00136a		Abishek Harihar		CC_BY_NC_4_0					2026-08-12T22:41:01.616Z	StillImage	GEODETIC_DATUM_ASSUMED_WGS84;IDENTIFIED_DATE_INVALID
1020587385	e61455a4-352d-4c55-83ea-dbca254e3b29	CTP050612011600A00049a	Animalia	Chordata	Mammalia	Carnivora	Felidae	Panthera	Panthera tigris	tigris	SUBSPECIES	Panthera tigris tigris (Linnaeus, 1758)	Panthera tigris tigris (Linnaeus, 1758)		IN	Dehradun	Uttarakhand	PRESENT		4a19e429-8f13-478e-86d7-93adb7534524	30.0503	78.3091		0.01667					2011-12-15	15	12	2011	5K5M9	4CGXS	MACHINE_OBSERVATION	WII		CTP050612011600A00049a		Abishek Harihar		CC_BY_NC_4_0					2026-08-12T22:41:01.590Z	StillImage	GEODETIC_DATUM_ASSUMED_WGS84;IDENTIFIED_DATE_INVALID
1020587384	e61455a4-352d-4c55-83ea-dbca254e3b29	CTP050612011420B00154a	Animalia	Chordata	Mammalia	Carnivora	Felidae	Panthera	Panthera tigris	tigris	SUBSPECIES	Panthera tigris tigris (Linnaeus, 1758)	Panthera tigris tigris (Linnaeus, 1758)		IN	Dehradun	Uttarakhand	PRESENT		4a19e429-8f13-478e-86d7-93adb7534524	29.9702	78.2303		0.01667					2011-12-26	26	12	2011	5K5M9	4CGXS	MACHINE_OBSERVATION	WII		CTP050612011420B00154a		Abishek Harihar		CC_BY_NC_4_0					2026-08-12T22:41:01.564Z	StillImage	GEODETIC_DATUM_ASSUMED_WGS84;IDENTIFIED_DATE_INVALID
1020587383	e61455a4-352d-4c55-83ea-dbca254e3b29	CTP050612011346B00567a	Animalia	Chordata	Mammalia	Carnivora	Felidae	Panthera	Panthera tigris	tigris	SUBSPECIES	Panthera tigris tigris (Linnaeus, 1758)	Panthera tigris tigris (Linnaeus, 1758)		IN	Dehradun	Uttarakhand	PRESENT		4a19e429-8f13-478e-86d7-93adb7534524	29.9592	78.2563		0.01667					2011-12-21	21	12	2011	5K5M9	4CGXS	MACHINE_OBSERVATION	WII		CTP050612011346B00567a		Abishek Harihar		CC_BY_NC_4_0					2026-08-12T22:41:01.559Z	StillImage	GEODETIC_DATUM_ASSUMED_WGS84;IDENTIFIED_DATE_INVALID
1020587382	e61455a4-352d-4c55-83ea-dbca254e3b29	CTP050612011420B00089a	Animalia	Chordata	Mammalia	Carnivora	Felidae	Panthera	Panthera tigris	tigris	SUBSPECIES	Panthera tigris tigris (Linnaeus, 1758)	Panthera tigris tigris (Linnaeus, 1758)		IN	Dehradun	Uttarakhand	PRESENT		4a19e429-8f13-478e-86d7-93adb7534524	29.9702	78.2303		0.01667					2011-12-18	18	12	2011	5K5M9	4CGXS	MACHINE_OBSERVATION	WII		CTP050612011420B00089a		Abishek Harihar		CC_BY_NC_4_0					2026-08-12T22:41:01.265Z	StillImage	GEODETIC_DATUM_ASSUMED_WGS84;IDENTIFIED_DATE_INVALID
1020587381	e61455a4-352d-4c55-83ea-dbca254e3b29	CTP050612011346B00060a	Animalia	Chordata	Mammalia	Carnivora	Felidae	Panthera	Panthera tigris	tigris	SUBSPECIES	Panthera tigris tigris (Linnaeus, 1758)	Panthera tigris tigris (Linnaeus, 1758)		IN	Dehradun	Uttarakhand	PRESENT		4a19e429-8f13-478e-86d7-93adb7534524	29.9592	78.2563		0.01667					2011-12-10	10	12	2011	5K5M9	4CGXS	MACHINE_OBSERVATION	WII		CTP050612011346B00060a		Abishek Harihar		CC_BY_NC_4_0					2026-08-12T22:41:01.263Z	StillImage	GEODETIC_DATUM_ASSUMED_WGS84;RECORDED_DATE_INVALID;IDENTIFIED_DATE_INVALID
1020587380	e61455a4-352d-4c55-83ea-dbca254e3b29	CTP050612011346B00439a	Animalia	Chordata	Mammalia	Carnivora	Felidae	Panthera	Panthera tigris	tigris	SUBSPECIES	Panthera tigris tigris (Linnaeus, 1758)	Panthera tigris tigris (Linnaeus, 1758)		IN	Dehradun	Uttarakhand	PRESENT		4a19e429-8f13-478e-86d7-93adb7534524	29.9592	78.2563		0.01667					2011-12-16	16	12	2011	5K5M9	4CGXS	MACHINE_OBSERVATION	WII		CTP050612011346B00439a		Abishek Harihar		CC_BY_NC_4_0					2026-08-12T22:41:01.260Z	StillImage	GEODETIC_DATUM_ASSUMED_WGS84;IDENTIFIED_DATE_INVALID
1020587379	e61455a4-352d-4c55-83ea-dbca254e3b29	CTP050612011346B00058a	Animalia	Chordata	Mammalia	Carnivora	Felidae	Panthera	Panthera tigris	tigris	SUBSPECIES	Panthera tigris tigris (Linnaeus, 1758)	Panthera tigris tigris (Linnaeus, 1758)		IN	Dehradun	Uttarakhand	PRESENT		4a19e429-8f13-478e-86d7-93adb7534524	29.9592	78.2563		0.01667					2011-12-10	10	12	2011	5K5M9	4CGXS	MACHINE_OBSERVATION	WII		CTP050612011346B00058a		Abishek Harihar		CC_BY_NC_4_0					2026-08-12T22:41:01.258Z	StillImage	GEODETIC_DATUM_ASSUMED_WGS84;RECORDED_DATE_INVALID;IDENTIFIED_DATE_INVALID
1020587378	e61455a4-352d-4c55-83ea-dbca254e3b29	CTP050612011346B00213a	Animalia	Chordata	Mammalia	Carnivora	Felidae	Panthera	Panthera tigris	tigris	SUBSPECIES	Panthera tigris tigris (Linnaeus, 1758)	Panthera tigris tigris (Linnaeus, 1758)		IN	Dehradun	Uttarakhand	PRESENT		4a19e429-8f13-478e-86d7-93adb7534524	29.9592	78.2563		0.01667					2011-12-13	13	12	2011	5K5M9	4CGXS	MACHINE_OBSERVATION	WII		CTP050612011346B00213a		Abishek Harihar		CC_BY_NC_4_0					2026-08-12T22:41:01.255Z	StillImage	GEODETIC_DATUM_ASSUMED_WGS84;IDENTIFIED_DATE_INVALID
1020587377	e61455a4-352d-4c55-83ea-dbca254e3b29	CTP050612011420B00078a	Animalia	Chordata	Mammalia	Carnivora	Felidae	Panthera	Panthera tigris	tigris	SUBSPECIES	Panthera tigris tigris (Linnaeus, 1758)	Panthera tigris tigris (Linnaeus, 1758)		IN	Dehradun	Uttarakhand	PRESENT		4a19e429-8f13-478e-86d7-93adb7534524	29.9702	78.2303		0.01667					2011-12-17	17	12	2011	5K5M9	4CGXS	MACHINE_OBSERVATION	WII		CTP050612011420B00078a		Abishek Harihar		CC_BY_NC_4_0					2026-08-12T22:41:01.252Z	StillImage	GEODETIC_DATUM_ASSUMED_WGS84;IDENTIFIED_DATE_INVALID
1020587376	e61455a4-352d-4c55-83ea-dbca254e3b29	CTP050612011430A00901a	Animalia	Chordata	Mammalia	Carnivora	Felidae	Panthera	Panthera tigris	tigris	SUBSPECIES	Panthera tigris tigris (Linnaeus, 1758)	Panthera tigris tigris (Linnaeus, 1758)		IN	Dehradun	Uttarakhand	PRESENT		4a19e429-8f13-478e-86d7-93adb7534524	29.9685	78.2145		0.01667					2011-12-19	19	12	2011	5K5M9	4CGXS	MACHINE_OBSERVATION	WII		CTP050612011430A00901a		Abishek Harihar		CC_BY_NC_4_0					2026-08-12T22:41:01.250Z	StillImage	GEODETIC_DATUM_ASSUMED_WGS84;IDENTIFIED_DATE_INVALID
1020587375	e61455a4-352d-4c55-83ea-dbca254e3b29	CTP050612011262A01067a	Animalia	Chordata	Mammalia	Carnivora	Felidae	Panthera	Panthera tigris	tigris	SUBSPECIES	Panthera tigris tigris (Linnaeus, 1758)	Panthera tigris tigris (Linnaeus, 1758)		IN	Dehradun	Uttarakhand	PRESENT		4a19e429-8f13-478e-86d7-93adb7534524	29.9341	78.2912		0.01667					2011-02-25	25	2	2011	5K5M9	4CGXS	MACHINE_OBSERVATION	WII		CTP050612011262A01067a		Abishek Harihar		CC_BY_NC_4_0					2026-08-12T22:41:01.248Z	StillImage	GEODETIC_DATUM_ASSUMED_WGS84;IDENTIFIED_DATE_INVALID
1020587374	e61455a4-352d-4c55-83ea-dbca254e3b29	CTP050612011380A00316a	Animalia	Chordata	Mammalia	Carnivora	Felidae	Panthera	Panthera tigris	tigris	SUBSPECIES	Panthera tigris tigris (Linnaeus, 1758)	Panthera tigris tigris (Linnaeus, 1758)		IN	Dehradun	Uttarakhand	PRESENT		4a19e429-8f13-478e-86d7-93adb7534524	29.9844	78.3078		0.01667					2011-02-20	20	2	2011	5K5M9	4CGXS	MACHINE_OBSERVATION	WII		CTP050612011380A00316a		Abishek Harihar		CC_BY_NC_4_0					2026-08-12T22:41:01.246Z	StillImage	GEODETIC_DATUM_ASSUMED_WGS84;IDENTIFIED_DATE_INVALID
1020587373	e61455a4-352d-4c55-83ea-dbca254e3b29	CTP050612011485A00418a	Animalia	Chordata	Mammalia	Carnivora	Felidae	Panthera	Panthera tigris	tigris	SUBSPECIES	Panthera tigris tigris (Linnaeus, 1758)	Panthera tigris tigris (Linnaeus, 1758)		IN	Dehradun	Uttarakhand	PRESENT		4a19e429-8f13-478e-86d7-93adb7534524	29.9921	78.2737		0.01667					2011-12-25	25	12	2011	5K5M9	4CGXS	MACHINE_OBSERVATION	WII		CTP050612011485A00418a		Abishek Harihar		CC_BY_NC_4_0					2026-08-12T22:41:01.245Z	StillImage	GEODETIC_DATUM_ASSUMED_WGS84;IDENTIFIED_DATE_INVALID
1020587372	e61455a4-352d-4c55-83ea-dbca254e3b29	CTP050612011420A00093a	Animalia	Chordata	Mammalia	Carnivora	Felidae	Panthera	Panthera tigris	tigris	SUBSPECIES	Panthera tigris tigris (Linnaeus, 1758)	Panthera tigris tigris (Linnaeus, 1758)		IN	Dehradun	Uttarakhand	PRESENT		4a19e429-8f13-478e-86d7-93adb7534524	29.9702	78.2303		0.01667					2011-12-18	18	12	2011	5K5M9	4CGXS	MACHINE_OBSERVATION	WII		CTP050612011420A00093a		Abishek Harihar		CC_BY_NC_4_0					2026-08-12T22:41:01.243Z	StillImage	GEODETIC_DATUM_ASSUMED_WGS84;IDENTIFIED_DATE_INVALID
1020587371	e61455a4-352d-4c55-83ea-dbca254e3b29	CTP050612011450A00114a	Animalia	Chordata	Mammalia	Carnivora	Felidae	Panthera	Panthera tigris	tigris	SUBSPECIES	Panthera tigris tigris (Linnaeus, 1758)	Panthera tigris tigris (Linnaeus, 1758)		IN	Dehradun	Uttarakhand	PRESENT		4a19e429-8f13-478e-86d7-93adb7534524	29.9862	78.2892		0.01667					2011-12-18	18	12	2011	5K5M9	4CGXS	MACHINE_OBSERVATION	WII		CTP050612011450A00114a		Abishek Harihar		CC_BY_NC_4_0					2026-08-12T22:41:01.241Z	StillImage	GEODETIC_DATUM_ASSUMED_WGS84;IDENTIFIED_DATE_INVALID
1020587370	e61455a4-352d-4c55-83ea-dbca254e3b29	CTP050612011411A00087a	Animalia	Chordata	Mammalia	Carnivora	Felidae	Panthera	Panthera tigris	tigris	SUBSPECIES	Panthera tigris tigris (Linnaeus, 1758)	Panthera tigris tigris (Linnaeus, 1758)		IN	Dehradun	Uttarakhand	PRESENT		4a19e429-8f13-478e-86d7-93adb7534524	29.9707	78.262		0.01667					2011-12-18	18	12	2011	5K5M9	4CGXS	MACHINE_OBSERVATION	WII		CTP050612011411A00087a		Abishek Harihar		CC_BY_NC_4_0					2026-08-12T22:41:01.239Z	StillImage	GEODETIC_DATUM_ASSUMED_WGS84;IDENTIFIED_DATE_INVALID
1020587369	e61455a4-352d-4c55-83ea-dbca254e3b29	CTP050612011650B00175a	Animalia	Chordata	Mammalia	Carnivora	Felidae	Panthera	Panthera tigris	tigris	SUBSPECIES	Panthera tigris tigris (Linnaeus, 1758)	Panthera tigris tigris (Linnaeus, 1758)		IN	Dehradun	Uttarakhand	PRESENT		4a19e429-8f13-478e-86d7-93adb7534524	30.0636	78.2964		0.01667					2011-12-22	22	12	2011	5K5M9	4CGXS	MACHINE_OBSERVATION	WII		CTP050612011650B00175a		Abishek Harihar		CC_BY_NC_4_0					2026-08-12T22:41:01.237Z	StillImage	GEODETIC_DATUM_ASSUMED_WGS84;IDENTIFIED_DATE_INVALID
1020587368	e61455a4-352d-4c55-83ea-dbca254e3b29	CTP050612011420A00161a	Animalia	Chordata	Mammalia	Carnivora	Felidae	Panthera	Panthera tigris	tigris	SUBSPECIES	Panthera tigris tigris (Linnaeus, 1758)	Panthera tigris tigris (Linnaeus, 1758)		IN	Dehradun	Uttarakhand	PRESENT		4a19e429-8f13-478e-86d7-93adb7534524	29.9702	78.2303		0.01667					2011-12-26	26	12	2011	5K5M9	4CGXS	MACHINE_OBSERVATION	WII		CTP050612011420A00161a		Abishek Harihar		CC_BY_NC_4_0					2026-08-12T22:41:01.236Z	StillImage	GEODETIC_DATUM_ASSUMED_WGS84;IDENTIFIED_DATE_INVALID
1020587367	e61455a4-352d-4c55-83ea-dbca254e3b29	CTP050612011420A00020a	Animalia	Chordata	Mammalia	Carnivora	Felidae	Panthera	Panthera tigris	tigris	SUBSPECIES	Panthera tigris tigris (Linnaeus, 1758)	Panthera tigris tigris (Linnaeus, 1758)		IN	Dehradun	Uttarakhand	PRESENT		4a19e429-8f13-478e-86d7-93adb7534524	29.9702	78.2303		0.01667					2011-12-10	10	12	2011	5K5M9	4CGXS	MACHINE_OBSERVATION	WII		CTP050612011420A00020a		Abishek Harihar		CC_BY_NC_4_0					2026-08-12T22:41:01.234Z	StillImage	GEODETIC_DATUM_ASSUMED_WGS84;RECORDED_DATE_INVALID;IDENTIFIED_DATE_INVALID
1020587366	e61455a4-352d-4c55-83ea-dbca254e3b29	CTP050612011650A00217a	Animalia	Chordata	Mammalia	Carnivora	Felidae	Panthera	Panthera tigris	tigris	SUBSPECIES	Panthera tigris tigris (Linnaeus, 1758)	Panthera tigris tigris (Linnaeus, 1758)		IN	Dehradun	Uttarakhand	PRESENT		4a19e429-8f13-478e-86d7-93adb7534524	30.0636	78.2964		0.01667					2011-12-24	24	12	2011	5K5M9	4CGXS	MACHINE_OBSERVATION	WII		CTP050612011650A00217a		Abishek Harihar		CC_BY_NC_4_0					2026-08-12T22:41:01.231Z	StillImage	GEODETIC_DATUM_ASSUMED_WGS84;IDENTIFIED_DATE_INVALID
1020587365	e61455a4-352d-4c55-83ea-dbca254e3b29	CTP050612011335A00336a	Animalia	Chordata	Mammalia	Carnivora	Felidae	Panthera	Panthera tigris	tigris	SUBSPECIES	Panthera tigris tigris (Linnaeus, 1758)	Panthera tigris tigris (Linnaeus, 1758)		IN		Uttarakhand	PRESENT		4a19e429-8f13-478e-86d7-93adb7534524	29.954	78.2712		0.01667					2011-02-13	13	2	2011	5K5M9	4CGXS	MACHINE_OBSERVATION	WII		CTP050612011335A00336a		Abishek Harihar		CC_BY_NC_4_0					2026-08-12T22:41:01.230Z	StillImage	GEODETIC_DATUM_ASSUMED_WGS84;IDENTIFIED_DATE_INVALID
1020587364	e61455a4-352d-4c55-83ea-dbca254e3b29	CTP050612011650A00167a	Animalia	Chordata	Mammalia	Carnivora	Felidae	Panthera	Panthera tigris	tigris	SUBSPECIES	Panthera tigris tigris (Linnaeus, 1758)	Panthera tigris tigris (Linnaeus, 1758)		IN	Dehradun	Uttarakhand	PRESENT		4a19e429-8f13-478e-86d7-93adb7534524	30.0636	78.2964		0.01667					2011-12-22	22	12	2011	5K5M9	4CGXS	MACHINE_OBSERVATION	WII		CTP050612011650A00167a		Abishek Harihar		CC_BY_NC_4_0					2026-08-12T22:41:01.228Z	StillImage	GEODETIC_DATUM_ASSUMED_WGS84;IDENTIFIED_DATE_INVALID
1020587363	e61455a4-352d-4c55-83ea-dbca254e3b29	CTP050612011485B00238a	Animalia	Chordata	Mammalia	Carnivora	Felidae	Panthera	Panthera tigris	tigris	SUBSPECIES	Panthera tigris tigris (Linnaeus, 1758)	Panthera tigris tigris (Linnaeus, 1758)		IN	Dehradun	Uttarakhand	PRESENT		4a19e429-8f13-478e-86d7-93adb7534524	29.9921	78.2737		0.01667					2011-12-18	18	12	2011	5K5M9	4CGXS	MACHINE_OBSERVATION	WII		CTP050612011485B00238a		Abishek Harihar		CC_BY_NC_4_0					2026-08-12T22:41:01.203Z	StillImage	GEODETIC_DATUM_ASSUMED_WGS84;IDENTIFIED_DATE_INVALID
1020587362	e61455a4-352d-4c55-83ea-dbca254e3b29	CTP050612011321B00213a	Animalia	Chordata	Mammalia	Carnivora	Felidae	Panthera	Panthera tigris	tigris	SUBSPECIES	Panthera tigris tigris (Linnaeus, 1758)	Panthera tigris tigris (Linnaeus, 1758)		IN	Dehradun	Uttarakhand	PRESENT		4a19e429-8f13-478e-86d7-93adb7534524	29.9554	78.2965		0.01667					2011-02-19	19	2	2011	5K5M9	4CGXS	MACHINE_OBSERVATION	WII		CTP050612011321B00213a		Abishek Harihar		CC_BY_NC_4_0					2026-08-12T22:41:01.201Z	StillImage	GEODETIC_DATUM_ASSUMED_WGS84;IDENTIFIED_DATE_INVALID
1020587361	e61455a4-352d-4c55-83ea-dbca254e3b29	CTP050612011450B00222a	Animalia	Chordata	Mammalia	Carnivora	Felidae	Panthera	Panthera tigris	tigris	SUBSPECIES	Panthera tigris tigris (Linnaeus, 1758)	Panthera tigris tigris (Linnaeus, 1758)		IN	Dehradun	Uttarakhand	PRESENT		4a19e429-8f13-478e-86d7-93adb7534524	29.9862	78.2892		0.01667					2011-02-20	20	2	2011	5K5M9	4CGXS	MACHINE_OBSERVATION	WII		CTP050612011450B00222a		Abishek Harihar		CC_BY_NC_4_0					2026-08-12T22:41:01.199Z	StillImage	GEODETIC_DATUM_ASSUMED_WGS84;IDENTIFIED_DATE_INVALID
1020587360	e61455a4-352d-4c55-83ea-dbca254e3b29	CTP050612011411A00123a	Animalia	Chordata	Mammalia	Carnivora	Felidae	Panthera	Panthera tigris	tigris	SUBSPECIES	Panthera tigris tigris (Linnaeus, 1758)	Panthera tigris tigris (Linnaeus, 1758)		IN	Dehradun	Uttarakhand	PRESENT		4a19e429-8f13-478e-86d7-93adb7534524	29.9707	78.262		0.01667					2011-12-20	20	12	2011	5K5M9	4CGXS	MACHINE_OBSERVATION	WII		CTP050612011411A00123a		Abishek Harihar		CC_BY_NC_4_0					2026-08-12T22:41:01.197Z	StillImage	GEODETIC_DATUM_ASSUMED_WGS84;IDENTIFIED_DATE_INVALID
1020587359	e61455a4-352d-4c55-83ea-dbca254e3b29	CTP050612011346A00415a	Animalia	Chordata	Mammalia	Carnivora	Felidae	Panthera	Panthera tigris	tigris	SUBSPECIES	Panthera tigris tigris (Linnaeus, 1758)	Panthera tigris tigris (Linnaeus, 1758)		IN	Dehradun	Uttarakhand	PRESENT		4a19e429-8f13-478e-86d7-93adb7534524	29.9592	78.2563		0.01667					2011-12-16	16	12	2011	5K5M9	4CGXS	MACHINE_OBSERVATION	WII		CTP050612011346A00415a		Abishek Harihar		CC_BY_NC_4_0					2026-08-12T22:41:01.195Z	StillImage	GEODETIC_DATUM_ASSUMED_WGS84;IDENTIFIED_DATE_INVALID
1020587358	e61455a4-352d-4c55-83ea-dbca254e3b29	CTP050612011346A00526a	Animalia	Chordata	Mammalia	Carnivora	Felidae	Panthera	Panthera tigris	tigris	SUBSPECIES	Panthera tigris tigris (Linnaeus, 1758)	Panthera tigris tigris (Linnaeus, 1758)		IN	Dehradun	Uttarakhand	PRESENT		4a19e429-8f13-478e-86d7-93adb7534524	29.9592	78.2563		0.01667					2011-12-19	19	12	2011	5K5M9	4CGXS	MACHINE_OBSERVATION	WII		CTP050612011346A00526a		Abishek Harihar		CC_BY_NC_4_0					2026-08-12T22:41:01.193Z	StillImage	GEODETIC_DATUM_ASSUMED_WGS84;IDENTIFIED_DATE_INVALID
1020587357	e61455a4-352d-4c55-83ea-dbca254e3b29	CTP050612011321B00083a	Animalia	Chordata	Mammalia	Carnivora	Felidae	Panthera	Panthera tigris	tigris	SUBSPECIES	Panthera tigris tigris (Linnaeus, 1758)	Panthera tigris tigris (Linnaeus, 1758)		IN	Dehradun	Uttarakhand	PRESENT		4a19e429-8f13-478e-86d7-93adb7534524	29.9554	78.2965		0.01667					2011-02-09	9	2	2011	5K5M9	4CGXS	MACHINE_OBSERVATION	WII		CTP050612011321B00083a		Abishek Harihar		CC_BY_NC_4_0					2026-08-12T22:41:01.191Z	StillImage	GEODETIC_DATUM_ASSUMED_WGS84;RECORDED_DATE_INVALID;IDENTIFIED_DATE_INVALID
1020587356	e61455a4-352d-4c55-83ea-dbca254e3b29	CTP050612011485A00247a	Animalia	Chordata	Mammalia	Carnivora	Felidae	Panthera	Panthera tigris	tigris	SUBSPECIES	Panthera tigris tigris (Linnaeus, 1758)	Panthera tigris tigris (Linnaeus, 1758)		IN	Dehradun	Uttarakhand	PRESENT		4a19e429-8f13-478e-86d7-93adb7534524	29.9921	78.2737		0.01667					2011-12-18	18	12	2011	5K5M9	4CGXS	MACHINE_OBSERVATION	WII		CTP050612011485A00247a		Abishek Harihar		CC_BY_NC_4_0					2026-08-12T22:41:01.189Z	StillImage	GEODETIC_DATUM_ASSUMED_WGS84;IDENTIFIED_DATE_INVALID
1020587355	e61455a4-352d-4c55-83ea-dbca254e3b29	CTP050612011325B00027a	Animalia	Chordata	Mammalia	Carnivora	Felidae	Panthera	Panthera tigris	tigris	SUBSPECIES	Panthera tigris tigris (Linnaeus, 1758)	Panthera tigris tigris (Linnaeus, 1758)		IN	Dehradun	Uttarakhand	PRESENT		4a19e429-8f13-478e-86d7-93adb7534524	29.9642	78.2861		0.01667					2011-12-12	12	12	2011	5K5M9	4CGXS	MACHINE_OBSERVATION	WII		CTP050612011325B00027a		Abishek Harihar		CC_BY_NC_4_0					2026-08-12T22:41:01.186Z	StillImage	GEODETIC_DATUM_ASSUMED_WGS84;IDENTIFIED_DATE_INVALID
1020587354	e61455a4-352d-4c55-83ea-dbca254e3b29	CTP050612011346A00209a	Animalia	Chordata	Mammalia	Carnivora	Felidae	Panthera	Panthera tigris	tigris	SUBSPECIES	Panthera tigris tigris (Linnaeus, 1758)	Panthera tigris tigris (Linnaeus, 1758)		IN	Dehradun	Uttarakhand	PRESENT		4a19e429-8f13-478e-86d7-93adb7534524	29.9592	78.2563		0.01667					2011-12-13	13	12	2011	5K5M9	4CGXS	MACHINE_OBSERVATION	WII		CTP050612011346A00209a		Abishek Harihar		CC_BY_NC_4_0					2026-08-12T22:41:01.183Z	StillImage	GEODETIC_DATUM_ASSUMED_WGS84;IDENTIFIED_DATE_INVALID
1020587353	e61455a4-352d-4c55-83ea-dbca254e3b29	CTP050612011346C00014a	Animalia	Chordata	Mammalia	Carnivora	Felidae	Panthera	Panthera tigris	tigris	SUBSPECIES	Panthera tigris tigris (Linnaeus, 1758)	Panthera tigris tigris (Linnaeus, 1758)		IN	Dehradun	Uttarakhand	PRESENT		4a19e429-8f13-478e-86d7-93adb7534524	29.9592	78.2563		0.01667					2011-12-10	10	12	2011	5K5M9	4CGXS	MACHINE_OBSERVATION	WII		CTP050612011346C00014a		Abishek Harihar		CC_BY_NC_4_0					2026-08-12T22:41:01.181Z	StillImage	GEODETIC_DATUM_ASSUMED_WGS84;RECORDED_DATE_INVALID;IDENTIFIED_DATE_INVALID
1020587352	e61455a4-352d-4c55-83ea-dbca254e3b29	CTP050612011180B00466a	Animalia	Chordata	Mammalia	Carnivora	Felidae	Panthera	Panthera tigris	tigris	SUBSPECIES	Panthera tigris tigris (Linnaeus, 1758)	Panthera tigris tigris (Linnaeus, 1758)		IN	Dehradun	Uttarakhand	PRESENT		4a19e429-8f13-478e-86d7-93adb7534524	29.8989	78.2766		0.01667					2011-12-15	15	12	2011	5K5M9	4CGXS	MACHINE_OBSERVATION	WII		CTP050612011180B00466a		Abishek Harihar		CC_BY_NC_4_0					2026-08-12T22:41:01.179Z	StillImage	GEODETIC_DATUM_ASSUMED_WGS84;IDENTIFIED_DATE_INVALID
1020587351	e61455a4-352d-4c55-83ea-dbca254e3b29	CTP050612011411A00135a	Animalia	Chordata	Mammalia	Carnivora	Felidae	Panthera	Panthera tigris	tigris	SUBSPECIES	Panthera tigris tigris (Linnaeus, 1758)	Panthera tigris tigris (Linnaeus, 1758)		IN	Dehradun	Uttarakhand	PRESENT		4a19e429-8f13-478e-86d7-93adb7534524	29.9707	78.262		0.01667					2011-12-20	20	12	2011	5K5M9	4CGXS	MACHINE_OBSERVATION	WII		CTP050612011411A00135a		Abishek Harihar		CC_BY_NC_4_0					2026-08-12T22:41:01.176Z	StillImage	GEODETIC_DATUM_ASSUMED_WGS84;IDENTIFIED_DATE_INVALID
1020587350	e61455a4-352d-4c55-83ea-dbca254e3b29	CTP050612011346B00617a	Animalia	Chordata	Mammalia	Carnivora	Felidae	Panthera	Panthera tigris	tigris	SUBSPECIES	Panthera tigris tigris (Linnaeus, 1758)	Panthera tigris tigris (Linnaeus, 1758)		IN	Dehradun	Uttarakhand	PRESENT		4a19e429-8f13-478e-86d7-93adb7534524	29.9592	78.2563		0.01667					2011-12-22	22	12	2011	5K5M9	4CGXS	MACHINE_OBSERVATION	WII		CTP050612011346B00617a		Abishek Harihar		CC_BY_NC_4_0					2026-08-12T22:41:01.111Z	StillImage	GEODETIC_DATUM_ASSUMED_WGS84;IDENTIFIED_DATE_INVALID
1020587349	e61455a4-352d-4c55-83ea-dbca254e3b29	CTP050612011321B00109a	Animalia	Chordata	Mammalia	Carnivora	Felidae	Panthera	Panthera tigris	tigris	SUBSPECIES	Panthera tigris tigris (Linnaeus, 1758)	Panthera tigris tigris (Linnaeus, 1758)		IN	Dehradun	Uttarakhand	PRESENT		4a19e429-8f13-478e-86d7-93adb7534524	29.9554	78.2965		0.01667					2011-12-23	23	12	2011	5K5M9	4CGXS	MACHINE_OBSERVATION	WII		CTP050612011321B00109a		Abishek Harihar		CC_BY_NC_4_0					2026-08-12T22:41:01.109Z	StillImage	GEODETIC_DATUM_ASSUMED_WGS84;IDENTIFIED_DATE_INVALID
1020587348	e61455a4-352d-4c55-83ea-dbca254e3b29	CTP050612011380A00037a	Animalia	Chordata	Mammalia	Carnivora	Felidae	Panthera	Panthera tigris	tigris	SUBSPECIES	Panthera tigris tigris (Linnaeus, 1758)	Panthera tigris tigris (Linnaeus, 1758)		IN	Dehradun	Uttarakhand	PRESENT		4a19e429-8f13-478e-86d7-93adb7534524	29.9844	78.3078		0.01667					2011-12-12	12	12	2011	5K5M9	4CGXS	MACHINE_OBSERVATION	WII		CTP050612011380A00037a		Abishek Harihar		CC_BY_NC_4_0					2026-08-12T22:41:01.107Z	StillImage	GEODETIC_DATUM_ASSUMED_WGS84;IDENTIFIED_DATE_INVALID
1020587347	e61455a4-352d-4c55-83ea-dbca254e3b29	CTP050612011346A00621a	Animalia	Chordata	Mammalia	Carnivora	Felidae	Panthera	Panthera tigris	tigris	SUBSPECIES	Panthera tigris tigris (Linnaeus, 1758)	Panthera tigris tigris (Linnaeus, 1758)		IN	Dehradun	Uttarakhand	PRESENT		4a19e429-8f13-478e-86d7-93adb7534524	29.9592	78.2563		0.01667					2011-12-22	22	12	2011	5K5M9	4CGXS	MACHINE_OBSERVATION	WII		CTP050612011346A00621a		Abishek Harihar		CC_BY_NC_4_0					2026-08-12T22:41:01.105Z	StillImage	GEODETIC_DATUM_ASSUMED_WGS84;IDENTIFIED_DATE_INVALID
1020587346	e61455a4-352d-4c55-83ea-dbca254e3b29	CTP050612011450A00215a	Animalia	Chordata	Mammalia	Carnivora	Felidae	Panthera	Panthera tigris	tigris	SUBSPECIES	Panthera tigris tigris (Linnaeus, 1758)	Panthera tigris tigris (Linnaeus, 1758)		IN	Dehradun	Uttarakhand	PRESENT		4a19e429-8f13-478e-86d7-93adb7534524	29.9862	78.2892		0.01667					2011-02-20	20	2	2011	5K5M9	4CGXS	MACHINE_OBSERVATION	WII		CTP050612011450A00215a		Abishek Harihar		CC_BY_NC_4_0					2026-08-12T22:41:01.104Z	StillImage	GEODETIC_DATUM_ASSUMED_WGS84;IDENTIFIED_DATE_INVALID
1020587345	e61455a4-352d-4c55-83ea-dbca254e3b29	CTP050612011321A00275a	Animalia	Chordata	Mammalia	Carnivora	Felidae	Panthera	Panthera tigris	tigris	SUBSPECIES	Panthera tigris tigris (Linnaeus, 1758)	Panthera tigris tigris (Linnaeus, 1758)		IN	Dehradun	Uttarakhand	PRESENT		4a19e429-8f13-478e-86d7-93adb7534524	29.9554	78.2965		0.01667					2011-02-24	24	2	2011	5K5M9	4CGXS	MACHINE_OBSERVATION	WII		CTP050612011321A00275a		Abishek Harihar		CC_BY_NC_4_0					2026-08-12T22:41:01.101Z	StillImage	GEODETIC_DATUM_ASSUMED_WGS84;IDENTIFIED_DATE_INVALID
1020587344	e61455a4-352d-4c55-83ea-dbca254e3b29	CTP050612011335A00435a	Animalia	Chordata	Mammalia	Carnivora	Felidae	Panthera	Panthera tigris	tigris	SUBSPECIES	Panthera tigris tigris (Linnaeus, 1758)	Panthera tigris tigris (Linnaeus, 1758)		IN	Dehradun	Uttarakhand	PRESENT		4a19e429-8f13-478e-86d7-93adb7534524	29.954	78.2712		0.01667					2011-02-17	17	2	2011	5K5M9	4CGXS	MACHINE_OBSERVATION	WII		CTP050612011335A00435a		Abishek Harihar		CC_BY_NC_4_0					2026-08-12T22:41:01.099Z	StillImage	GEODETIC_DATUM_ASSUMED_WGS84;IDENTIFIED_DATE_INVALID
1020587343	e61455a4-352d-4c55-83ea-dbca254e3b29	CTP050612011274B00315a	Animalia	Chordata	Mammalia	Carnivora	Felidae	Panthera	Panthera tigris	tigris	SUBSPECIES	Panthera tigris tigris (Linnaeus, 1758)	Panthera tigris tigris (Linnaeus, 1758)		IN	Dehradun	Uttarakhand	PRESENT		4a19e429-8f13-478e-86d7-93adb7534524	29.9447	78.271		0.01667					2011-12-20	20	12	2011	5K5M9	4CGXS	MACHINE_OBSERVATION	WII		CTP050612011274B00315a		Abishek Harihar		CC_BY_NC_4_0					2026-08-12T22:41:01.098Z	StillImage	GEODETIC_DATUM_ASSUMED_WGS84;IDENTIFIED_DATE_INVALID
1020587342	e61455a4-352d-4c55-83ea-dbca254e3b29	CTP050612011321B00032a	Animalia	Chordata	Mammalia	Carnivora	Felidae	Panthera	Panthera tigris	tigris	SUBSPECIES	Panthera tigris tigris (Linnaeus, 1758)	Panthera tigris tigris (Linnaeus, 1758)		IN	Dehradun	Uttarakhand	PRESENT		4a19e429-8f13-478e-86d7-93adb7534524	29.9554	78.2965		0.01667					2011-12-12	12	12	2011	5K5M9	4CGXS	MACHINE_OBSERVATION	WII		CTP050612011321B00032a		Abishek Harihar		CC_BY_NC_4_0					2026-08-12T22:41:01.096Z	StillImage	GEODETIC_DATUM_ASSUMED_WGS84;IDENTIFIED_DATE_INVALID
1020587341	e61455a4-352d-4c55-83ea-dbca254e3b29	CTP050612011346A00890a	Animalia	Chordata	Mammalia	Carnivora	Felidae	Panthera	Panthera tigris	tigris	SUBSPECIES	Panthera tigris tigris (Linnaeus, 1758)	Panthera tigris tigris (Linnaeus, 1758)		IN	Dehradun	Uttarakhand	PRESENT		4a19e429-8f13-478e-86d7-93adb7534524	29.9592	78.2563		0.01667					2011-12-26	26	12	2011	5K5M9	4CGXS	MACHINE_OBSERVATION	WII		CTP050612011346A00890a		Abishek Harihar		CC_BY_NC_4_0					2026-08-12T22:41:01.094Z	StillImage	GEODETIC_DATUM_ASSUMED_WGS84;IDENTIFIED_DATE_INVALID
1020587340	e61455a4-352d-4c55-83ea-dbca254e3b29	CTP050612011346A00057a	Animalia	Chordata	Mammalia	Carnivora	Felidae	Panthera	Panthera tigris	tigris	SUBSPECIES	Panthera tigris tigris (Linnaeus, 1758)	Panthera tigris tigris (Linnaeus, 1758)		IN	Dehradun	Uttarakhand	PRESENT		4a19e429-8f13-478e-86d7-93adb7534524	29.9592	78.2563		0.01667					2011-12-10	10	12	2011	5K5M9	4CGXS	MACHINE_OBSERVATION	WII		CTP050612011346A00057a		Abishek Harihar		CC_BY_NC_4_0					2026-08-12T22:41:01.092Z	StillImage	GEODETIC_DATUM_ASSUMED_WGS84;RECORDED_DATE_INVALID;IDENTIFIED_DATE_INVALID
1020587339	e61455a4-352d-4c55-83ea-dbca254e3b29	CTP050612011346B00874a	Animalia	Chordata	Mammalia	Carnivora	Felidae	Panthera	Panthera tigris	tigris	SUBSPECIES	Panthera tigris tigris (Linnaeus, 1758)	Panthera tigris tigris (Linnaeus, 1758)		IN	Dehradun	Uttarakhand	PRESENT		4a19e429-8f13-478e-86d7-93adb7534524	29.9592	78.2563		0.01667					2011-12-26	26	12	2011	5K5M9	4CGXS	MACHINE_OBSERVATION	WII		CTP050612011346B00874a		Abishek Harihar		CC_BY_NC_4_0					2026-08-12T22:41:01.089Z	StillImage	GEODETIC_DATUM_ASSUMED_WGS84;IDENTIFIED_DATE_INVALID
1020587338	e61455a4-352d-4c55-83ea-dbca254e3b29	CTP050612011420A00091a	Animalia	Chordata	Mammalia	Carnivora	Felidae	Panthera	Panthera tigris	tigris	SUBSPECIES	Panthera tigris tigris (Linnaeus, 1758)	Panthera tigris tigris (Linnaeus, 1758)		IN	Dehradun	Uttarakhand	PRESENT		4a19e429-8f13-478e-86d7-93adb7534524	29.9702	78.2303		0.01667					2011-12-18	18	12	2011	5K5M9	4CGXS	MACHINE_OBSERVATION	WII		CTP050612011420A00091a		Abishek Harihar		CC_BY_NC_4_0					2026-08-12T22:41:01.087Z	StillImage	GEODETIC_DATUM_ASSUMED_WGS84;IDENTIFIED_DATE_INVALID
1020587337	e61455a4-352d-4c55-83ea-dbca254e3b29	CTP050612011335A00442a	Animalia	Chordata	Mammalia	Carnivora	Felidae	Panthera	Panthera tigris	tigris	SUBSPECIES	Panthera tigris tigris (Linnaeus, 1758)	Panthera tigris tigris (Linnaeus, 1758)		IN	Dehradun	Uttarakhand	PRESENT		4a19e429-8f13-478e-86d7-93adb7534524	29.954	78.2712		0.01667					2011-02-17	17	2	2011	5K5M9	4CGXS	MACHINE_OBSERVATION	WII		CTP050612011335A00442a		Abishek Harihar		CC_BY_NC_4_0					2026-08-12T22:41:01.085Z	StillImage	GEODETIC_DATUM_ASSUMED_WGS84;IDENTIFIED_DATE_INVALID
1020587336	e61455a4-352d-4c55-83ea-dbca254e3b29	CTP050612011274A00335a	Animalia	Chordata	Mammalia	Carnivora	Felidae	Panthera	Panthera tigris	tigris	SUBSPECIES	Panthera tigris tigris (Linnaeus, 1758)	Panthera tigris tigris (Linnaeus, 1758)		IN	Dehradun	Uttarakhand	PRESENT		4a19e429-8f13-478e-86d7-93adb7534524	29.9447	78.271		0.01667					2011-12-20	20	12	2011	5K5M9	4CGXS	MACHINE_OBSERVATION	WII		CTP050612011274A00335a		Abishek Harihar		CC_BY_NC_4_0					2026-08-12T22:41:01.084Z	StillImage	GEODETIC_DATUM_ASSUMED_WGS84;IDENTIFIED_DATE_INVALID
1020587335	e61455a4-352d-4c55-83ea-dbca254e3b29	CTP050612011233B00627a	Animalia	Chordata	Mammalia	Carnivora	Felidae	Panthera	Panthera tigris	tigris	SUBSPECIES	Panthera tigris tigris (Linnaeus, 1758)	Panthera tigris tigris (Linnaeus, 1758)		IN	Dehradun	Uttarakhand	PRESENT		4a19e429-8f13-478e-86d7-93adb7534524	29.9278	78.2668		0.01667					2011-02-23	23	2	2011	5K5M9	4CGXS	MACHINE_OBSERVATION	WII		CTP050612011233B00627a		Abishek Harihar		CC_BY_NC_4_0					2026-08-12T22:41:01.082Z	StillImage	GEODETIC_DATUM_ASSUMED_WGS84;IDENTIFIED_DATE_INVALID
1020587334	e61455a4-352d-4c55-83ea-dbca254e3b29	CTP050612011325A00048a	Animalia	Chordata	Mammalia	Carnivora	Felidae	Panthera	Panthera tigris	tigris	SUBSPECIES	Panthera tigris tigris (Linnaeus, 1758)	Panthera tigris tigris (Linnaeus, 1758)		IN	Dehradun	Uttarakhand	PRESENT		4a19e429-8f13-478e-86d7-93adb7534524	29.9642	78.2861		0.01667					2011-12-12	12	12	2011	5K5M9	4CGXS	MACHINE_OBSERVATION	WII		CTP050612011325A00048a		Abishek Harihar		CC_BY_NC_4_0					2026-08-12T22:41:01.080Z	StillImage	GEODETIC_DATUM_ASSUMED_WGS84;IDENTIFIED_DATE_INVALID
1020587333	e61455a4-352d-4c55-83ea-dbca254e3b29	CTP050612011262B01048a	Animalia	Chordata	Mammalia	Carnivora	Felidae	Panthera	Panthera tigris	tigris	SUBSPECIES	Panthera tigris tigris (Linnaeus, 1758)	Panthera tigris tigris (Linnaeus, 1758)		IN	Dehradun	Uttarakhand	PRESENT		4a19e429-8f13-478e-86d7-93adb7534524	29.9341	78.2912		0.01667					2011-12-23	23	12	2011	5K5M9	4CGXS	MACHINE_OBSERVATION	WII		CTP050612011262B01048a		Abishek Harihar		CC_BY_NC_4_0					2026-08-12T22:41:01.077Z	StillImage	GEODETIC_DATUM_ASSUMED_WGS84;IDENTIFIED_DATE_INVALID
1020587332	e61455a4-352d-4c55-83ea-dbca254e3b29	CTP050612011321A00078a	Animalia	Chordata	Mammalia	Carnivora	Felidae	Panthera	Panthera tigris	tigris	SUBSPECIES	Panthera tigris tigris (Linnaeus, 1758)	Panthera tigris tigris (Linnaeus, 1758)		IN		Uttarakhand	PRESENT		4a19e429-8f13-478e-86d7-93adb7534524	29.9554	78.2965		0.01667					2011-02-09	9	2	2011	5K5M9	4CGXS	MACHINE_OBSERVATION	WII		CTP050612011321A00078a		Abishek Harihar		CC_BY_NC_4_0					2026-08-12T22:41:01.075Z	StillImage	GEODETIC_DATUM_ASSUMED_WGS84;RECORDED_DATE_INVALID;IDENTIFIED_DATE_INVALID
1020587331	e61455a4-352d-4c55-83ea-dbca254e3b29	CTP050612011321A00116a	Animalia	Chordata	Mammalia	Carnivora	Felidae	Panthera	Panthera tigris	tigris	SUBSPECIES	Panthera tigris tigris (Linnaeus, 1758)	Panthera tigris tigris (Linnaeus, 1758)		IN	Dehradun	Uttarakhand	PRESENT		4a19e429-8f13-478e-86d7-93adb7534524	29.9554	78.2965		0.01667					2011-12-23	23	12	2011	5K5M9	4CGXS	MACHINE_OBSERVATION	WII		CTP050612011321A00116a		Abishek Harihar		CC_BY_NC_4_0					2026-08-12T22:41:01.072Z	StillImage	GEODETIC_DATUM_ASSUMED_WGS84;IDENTIFIED_DATE_INVALID
1020587330	e61455a4-352d-4c55-83ea-dbca254e3b29	CTP050612011232A00312a	Animalia	Chordata	Mammalia	Carnivora	Felidae	Panthera	Panthera tigris	tigris	SUBSPECIES	Panthera tigris tigris (Linnaeus, 1758)	Panthera tigris tigris (Linnaeus, 1758)		IN	Dehradun	Uttarakhand	PRESENT		4a19e429-8f13-478e-86d7-93adb7534524	29.9188	78.274		0.01667					2011-12-13	13	12	2011	5K5M9	4CGXS	MACHINE_OBSERVATION	WII		CTP050612011232A00312a		Abishek Harihar		CC_BY_NC_4_0					2026-08-12T22:41:01.070Z	StillImage	GEODETIC_DATUM_ASSUMED_WGS84;IDENTIFIED_DATE_INVALID
1020587329	e61455a4-352d-4c55-83ea-dbca254e3b29	CTP050612011420A00082a	Animalia	Chordata	Mammalia	Carnivora	Felidae	Panthera	Panthera tigris	tigris	SUBSPECIES	Panthera tigris tigris (Linnaeus, 1758)	Panthera tigris tigris (Linnaeus, 1758)		IN	Dehradun	Uttarakhand	PRESENT		4a19e429-8f13-478e-86d7-93adb7534524	29.9702	78.2303		0.01667					2011-12-17	17	12	2011	5K5M9	4CGXS	MACHINE_OBSERVATION	WII		CTP050612011420A00082a		Abishek Harihar		CC_BY_NC_4_0					2026-08-12T22:41:01.069Z	StillImage	GEODETIC_DATUM_ASSUMED_WGS84;IDENTIFIED_DATE_INVALID
1020587328	e61455a4-352d-4c55-83ea-dbca254e3b29	CTP050612011380B00304a	Animalia	Chordata	Mammalia	Carnivora	Felidae	Panthera	Panthera tigris	tigris	SUBSPECIES	Panthera tigris tigris (Linnaeus, 1758)	Panthera tigris tigris (Linnaeus, 1758)		IN	Dehradun	Uttarakhand	PRESENT		4a19e429-8f13-478e-86d7-93adb7534524	29.9844	78.3078		0.01667					2011-02-20	20	2	2011	5K5M9	4CGXS	MACHINE_OBSERVATION	WII		CTP050612011380B00304a		Abishek Harihar		CC_BY_NC_4_0					2026-08-12T22:41:01.067Z	StillImage	GEODETIC_DATUM_ASSUMED_WGS84;IDENTIFIED_DATE_INVALID
1020587327	e61455a4-352d-4c55-83ea-dbca254e3b29	CTP050612011420A00126a	Animalia	Chordata	Mammalia	Carnivora	Felidae	Panthera	Panthera tigris	tigris	SUBSPECIES	Panthera tigris tigris (Linnaeus, 1758)	Panthera tigris tigris (Linnaeus, 1758)		IN	Dehradun	Uttarakhand	PRESENT		4a19e429-8f13-478e-86d7-93adb7534524	29.9702	78.2303		0.01667					2011-12-22	22	12	2011	5K5M9	4CGXS	MACHINE_OBSERVATION	WII		CTP050612011420A00126a		Abishek Harihar		CC_BY_NC_4_0					2026-08-12T22:41:01.064Z	StillImage	GEODETIC_DATUM_ASSUMED_WGS84;IDENTIFIED_DATE_INVALID
1020587326	e61455a4-352d-4c55-83ea-dbca254e3b29	CTP050612011274A00415a	Animalia	Chordata	Mammalia	Carnivora	Felidae	Panthera	Panthera tigris	tigris	SUBSPECIES	Panthera tigris tigris (Linnaeus, 1758)	Panthera tigris tigris (Linnaeus, 1758)		IN	Dehradun	Uttarakhand	PRESENT		4a19e429-8f13-478e-86d7-93adb7534524	29.9447	78.271		0.01667					2011-12-21	21	12	2011	5K5M9	4CGXS	MACHINE_OBSERVATION	WII		CTP050612011274A00415a		Abishek Harihar		CC_BY_NC_4_0					2026-08-12T22:41:01.060Z	StillImage	GEODETIC_DATUM_ASSUMED_WGS84;IDENTIFIED_DATE_INVALID
1020587325	e61455a4-352d-4c55-83ea-dbca254e3b29	CTP050612009471A00389a	Animalia	Chordata	Mammalia	Carnivora	Felidae	Panthera	Panthera tigris	tigris	SUBSPECIES	Panthera tigris tigris (Linnaeus, 1758)	Panthera tigris tigris (Linnaeus, 1758)		IN	Chilla range	Uttarakhand	PRESENT		4a19e429-8f13-478e-86d7-93adb7534524	30.0006	78.2446		0.01667					2009-12-18	18	12	2009	5K5M9	4CGXS	MACHINE_OBSERVATION	WII		CTP050612009471A00389a		Abishek Harihar		CC_BY_NC_4_0					2026-08-12T22:41:01.058Z	StillImage	GEODETIC_DATUM_ASSUMED_WGS84
1020587324	e61455a4-352d-4c55-83ea-dbca254e3b29	CTP050612011262B00985a	Animalia	Chordata	Mammalia	Carnivora	Felidae	Panthera	Panthera tigris	tigris	SUBSPECIES	Panthera tigris tigris (Linnaeus, 1758)	Panthera tigris tigris (Linnaeus, 1758)		IN	Dehradun	Uttarakhand	PRESENT		4a19e429-8f13-478e-86d7-93adb7534524	29.9341	78.2912		0.01667					2011-12-21	21	12	2011	5K5M9	4CGXS	MACHINE_OBSERVATION	WII		CTP050612011262B00985a		Abishek Harihar		CC_BY_NC_4_0					2026-08-12T22:41:01.056Z	StillImage	GEODETIC_DATUM_ASSUMED_WGS84;IDENTIFIED_DATE_INVALID
1020587323	e61455a4-352d-4c55-83ea-dbca254e3b29	CTP050612011346B00879a	Animalia	Chordata	Mammalia	Carnivora	Felidae	Panthera	Panthera tigris	tigris	SUBSPECIES	Panthera tigris tigris (Linnaeus, 1758)	Panthera tigris tigris (Linnaeus, 1758)		IN	Dehradun	Uttarakhand	PRESENT		4a19e429-8f13-478e-86d7-93adb7534524	29.9592	78.2563		0.01667					2011-12-26	26	12	2011	5K5M9	4CGXS	MACHINE_OBSERVATION	WII		CTP050612011346B00879a		Abishek Harihar		CC_BY_NC_4_0					2026-08-12T22:41:01.054Z	StillImage	GEODETIC_DATUM_ASSUMED_WGS84;IDENTIFIED_DATE_INVALID
1020587322	e61455a4-352d-4c55-83ea-dbca254e3b29	CTP050612011335A00132a	Animalia	Chordata	Mammalia	Carnivora	Felidae	Panthera	Panthera tigris	tigris	SUBSPECIES	Panthera tigris tigris (Linnaeus, 1758)	Panthera tigris tigris (Linnaeus, 1758)		IN	Dehradun	Uttarakhand	PRESENT		4a19e429-8f13-478e-86d7-93adb7534524	29.954	78.2712		0.01667					2011-02-12	12	2	2011	5K5M9	4CGXS	MACHINE_OBSERVATION	WII		CTP050612011335A00132a		Abishek Harihar		CC_BY_NC_4_0					2026-08-12T22:41:01.052Z	StillImage	GEODETIC_DATUM_ASSUMED_WGS84;RECORDED_DATE_INVALID;IDENTIFIED_DATE_INVALID
1020587321	e61455a4-352d-4c55-83ea-dbca254e3b29	CTP050612011232A00173a	Animalia	Chordata	Mammalia	Carnivora	Felidae	Panthera	Panthera tigris	tigris	SUBSPECIES	Panthera tigris tigris (Linnaeus, 1758)	Panthera tigris tigris (Linnaeus, 1758)		IN	Dehradun	Uttarakhand	PRESENT		4a19e429-8f13-478e-86d7-93adb7534524	29.9188	78.274		0.01667					2011-12-10	10	12	2011	5K5M9	4CGXS	MACHINE_OBSERVATION	WII		CTP050612011232A00173a		Abishek Harihar		CC_BY_NC_4_0					2026-08-12T22:41:01.048Z	StillImage	GEODETIC_DATUM_ASSUMED_WGS84;RECORDED_DATE_INVALID;IDENTIFIED_DATE_INVALID
1020587320	e61455a4-352d-4c55-83ea-dbca254e3b29	CTP050612011321A00179a	Animalia	Chordata	Mammalia	Carnivora	Felidae	Panthera	Panthera tigris	tigris	SUBSPECIES	Panthera tigris tigris (Linnaeus, 1758)	Panthera tigris tigris (Linnaeus, 1758)		IN	Dehradun	Uttarakhand	PRESENT		4a19e429-8f13-478e-86d7-93adb7534524	29.9554	78.2965		0.01667					2011-02-17	17	2	2011	5K5M9	4CGXS	MACHINE_OBSERVATION	WII		CTP050612011321A00179a		Abishek Harihar		CC_BY_NC_4_0					2026-08-12T22:41:01.045Z	StillImage	GEODETIC_DATUM_ASSUMED_WGS84;IDENTIFIED_DATE_INVALID
1020587319	e61455a4-352d-4c55-83ea-dbca254e3b29	CTP050612011262B00369a	Animalia	Chordata	Mammalia	Carnivora	Felidae	Panthera	Panthera tigris	tigris	SUBSPECIES	Panthera tigris tigris (Linnaeus, 1758)	Panthera tigris tigris (Linnaeus, 1758)		IN	Dehradun	Uttarakhand	PRESENT		4a19e429-8f13-478e-86d7-93adb7534524	29.9341	78.2912		0.01667					2011-12-11	11	12	2011	5K5M9	4CGXS	MACHINE_OBSERVATION	WII		CTP050612011262B00369a		Abishek Harihar		CC_BY_NC_4_0					2026-08-12T22:41:01.043Z	StillImage	GEODETIC_DATUM_ASSUMED_WGS84;RECORDED_DATE_INVALID;IDENTIFIED_DATE_INVALID
1020587318	e61455a4-352d-4c55-83ea-dbca254e3b29	CTP050612011262A01400a	Animalia	Chordata	Mammalia	Carnivora	Felidae	Panthera	Panthera tigris	tigris	SUBSPECIES	Panthera tigris tigris (Linnaeus, 1758)	Panthera tigris tigris (Linnaeus, 1758)		IN	Dehradun	Uttarakhand	PRESENT		4a19e429-8f13-478e-86d7-93adb7534524	29.9341	78.2912		0.01667					2011-12-23	23	12	2011	5K5M9	4CGXS	MACHINE_OBSERVATION	WII		CTP050612011262A01400a		Abishek Harihar		CC_BY_NC_4_0					2026-08-12T22:41:01.040Z	StillImage	GEODETIC_DATUM_ASSUMED_WGS84;IDENTIFIED_DATE_INVALID
1020587317	e61455a4-352d-4c55-83ea-dbca254e3b29	CTP050612011232B00189a	Animalia	Chordata	Mammalia	Carnivora	Felidae	Panthera	Panthera tigris	tigris	SUBSPECIES	Panthera tigris tigris (Linnaeus, 1758)	Panthera tigris tigris (Linnaeus, 1758)		IN	Dehradun	Uttarakhand	PRESENT		4a19e429-8f13-478e-86d7-93adb7534524	29.9188	78.274		0.01667					2011-12-10	10	12	2011	5K5M9	4CGXS	MACHINE_OBSERVATION	WII		CTP050612011232B00189a		Abishek Harihar		CC_BY_NC_4_0					2026-08-12T22:41:01.038Z	StillImage	GEODETIC_DATUM_ASSUMED_WGS84;RECORDED_DATE_INVALID;IDENTIFIED_DATE_INVALID
1020587316	e61455a4-352d-4c55-83ea-dbca254e3b29	CTP050612011321A00167a	Animalia	Chordata	Mammalia	Carnivora	Felidae	Panthera	Panthera tigris	tigris	SUBSPECIES	Panthera tigris tigris (Linnaeus, 1758)	Panthera tigris tigris (Linnaeus, 1758)		IN	Dehradun	Uttarakhand	PRESENT		4a19e429-8f13-478e-86d7-93adb7534524	29.9554	78.2965		0.01667					2011-02-17	17	2	2011	5K5M9	4CGXS	MACHINE_OBSERVATION	WII		CTP050612011321A00167a		Abishek Harihar		CC_BY_NC_4_0					2026-08-12T22:41:01.035Z	StillImage	GEODETIC_DATUM_ASSUMED_WGS84;IDENTIFIED_DATE_INVALID
1020587315	e61455a4-352d-4c55-83ea-dbca254e3b29	CTP050612011269B00168a	Animalia	Chordata	Mammalia	Carnivora	Felidae	Panthera	Panthera tigris	tigris	SUBSPECIES	Panthera tigris tigris (Linnaeus, 1758)	Panthera tigris tigris (Linnaeus, 1758)		IN	Dehradun	Uttarakhand	PRESENT		4a19e429-8f13-478e-86d7-93adb7534524	29.9431	78.2932		0.01667					2011-12-23	23	12	2011	5K5M9	4CGXS	MACHINE_OBSERVATION	WII		CTP050612011269B00168a		Abishek Harihar		CC_BY_NC_4_0					2026-08-12T22:41:01.033Z	StillImage	GEODETIC_DATUM_ASSUMED_WGS84;IDENTIFIED_DATE_INVALID
1020587314	e61455a4-352d-4c55-83ea-dbca254e3b29	CTP050612011321A00215a	Animalia	Chordata	Mammalia	Carnivora	Felidae	Panthera	Panthera tigris	tigris	SUBSPECIES	Panthera tigris tigris (Linnaeus, 1758)	Panthera tigris tigris (Linnaeus, 1758)		IN	Dehradun	Uttarakhand	PRESENT		4a19e429-8f13-478e-86d7-93adb7534524	29.9554	78.2965		0.01667					2011-02-19	19	2	2011	5K5M9	4CGXS	MACHINE_OBSERVATION	WII		CTP050612011321A00215a		Abishek Harihar		CC_BY_NC_4_0					2026-08-12T22:41:01.031Z	StillImage	GEODETIC_DATUM_ASSUMED_WGS84;IDENTIFIED_DATE_INVALID
1020587313	e61455a4-352d-4c55-83ea-dbca254e3b29	CTP050612011346A00589a	Animalia	Chordata	Mammalia	Carnivora	Felidae	Panthera	Panthera tigris	tigris	SUBSPECIES	Panthera tigris tigris (Linnaeus, 1758)	Panthera tigris tigris (Linnaeus, 1758)		IN	Dehradun	Uttarakhand	PRESENT		4a19e429-8f13-478e-86d7-93adb7534524	29.9592	78.2563		0.01667					2011-12-21	21	12	2011	5K5M9	4CGXS	MACHINE_OBSERVATION	WII		CTP050612011346A00589a		Abishek Harihar		CC_BY_NC_4_0					2026-08-12T22:41:01.028Z	StillImage	GEODETIC_DATUM_ASSUMED_WGS84;IDENTIFIED_DATE_INVALID
1020587312	e61455a4-352d-4c55-83ea-dbca254e3b29	CTP050612011180B00539a	Animalia	Chordata	Mammalia	Carnivora	Felidae	Panthera	Panthera tigris	tigris	SUBSPECIES	Panthera tigris tigris (Linnaeus, 1758)	Panthera tigris tigris (Linnaeus, 1758)		IN	Dehradun	Uttarakhand	PRESENT		4a19e429-8f13-478e-86d7-93adb7534524	29.8989	78.2766		0.01667					2011-12-16	16	12	2011	5K5M9	4CGXS	MACHINE_OBSERVATION	WII		CTP050612011180B00539a		Abishek Harihar		CC_BY_NC_4_0					2026-08-12T22:41:01.026Z	StillImage	GEODETIC_DATUM_ASSUMED_WGS84;IDENTIFIED_DATE_INVALID
1020587311	e61455a4-352d-4c55-83ea-dbca254e3b29	CTP050612011180B00306a	Animalia	Chordata	Mammalia	Carnivora	Felidae	Panthera	Panthera tigris	tigris	SUBSPECIES	Panthera tigris tigris (Linnaeus, 1758)	Panthera tigris tigris (Linnaeus, 1758)		IN	Dehradun	Uttarakhand	PRESENT		4a19e429-8f13-478e-86d7-93adb7534524	29.8989	78.2766		0.01667					2011-12-09	9	12	2011	5K5M9	4CGXS	MACHINE_OBSERVATION	WII		CTP050612011180B00306a		Abishek Harihar		CC_BY_NC_4_0					2026-08-12T22:41:01.024Z	StillImage	GEODETIC_DATUM_ASSUMED_WGS84;RECORDED_DATE_INVALID;IDENTIFIED_DATE_INVALID
1020587310	e61455a4-352d-4c55-83ea-dbca254e3b29	CTP050612011262A01295a	Animalia	Chordata	Mammalia	Carnivora	Felidae	Panthera	Panthera tigris	tigris	SUBSPECIES	Panthera tigris tigris (Linnaeus, 1758)	Panthera tigris tigris (Linnaeus, 1758)		IN	Dehradun	Uttarakhand	PRESENT		4a19e429-8f13-478e-86d7-93adb7534524	29.9341	78.2912		0.01667					2011-12-21	21	12	2011	5K5M9	4CGXS	MACHINE_OBSERVATION	WII		CTP050612011262A01295a		Abishek Harihar		CC_BY_NC_4_0					2026-08-12T22:41:01.021Z	StillImage	GEODETIC_DATUM_ASSUMED_WGS84;IDENTIFIED_DATE_INVALID
1020587309	e61455a4-352d-4c55-83ea-dbca254e3b29	CTP050612011262B00828a	Animalia	Chordata	Mammalia	Carnivora	Felidae	Panthera	Panthera tigris	tigris	SUBSPECIES	Panthera tigris tigris (Linnaeus, 1758)	Panthera tigris tigris (Linnaeus, 1758)		IN		Uttarakhand	PRESENT		4a19e429-8f13-478e-86d7-93adb7534524	29.9341	78.2912		0.01667					2011-02-24	24	2	2011	5K5M9	4CGXS	MACHINE_OBSERVATION	WII		CTP050612011262B00828a		Abishek Harihar		CC_BY_NC_4_0					2026-08-12T22:41:01.019Z	StillImage	GEODETIC_DATUM_ASSUMED_WGS84;IDENTIFIED_DATE_INVALID
1020587308	e61455a4-352d-4c55-83ea-dbca254e3b29	CTP050612011211B00135a	Animalia	Chordata	Mammalia	Carnivora	Felidae	Panthera	Panthera tigris	tigris	SUBSPECIES	Panthera tigris tigris (Linnaeus, 1758)	Panthera tigris tigris (Linnaeus, 1758)		IN	Dehradun	Uttarakhand	PRESENT		4a19e429-8f13-478e-86d7-93adb7534524	29.9309	78.3107		0.01667					2011-02-17	17	2	2011	5K5M9	4CGXS	MACHINE_OBSERVATION	WII		CTP050612011211B00135a		Abishek Harihar		CC_BY_NC_4_0					2026-08-12T22:41:01.017Z	StillImage	GEODETIC_DATUM_ASSUMED_WGS84;IDENTIFIED_DATE_INVALID
1020587307	e61455a4-352d-4c55-83ea-dbca254e3b29	CTP050612011232A00190a	Animalia	Chordata	Mammalia	Carnivora	Felidae	Panthera	Panthera tigris	tigris	SUBSPECIES	Panthera tigris tigris (Linnaeus, 1758)	Panthera tigris tigris (Linnaeus, 1758)		IN	Dehradun	Uttarakhand	PRESENT		4a19e429-8f13-478e-86d7-93adb7534524	29.9188	78.274		0.01667					2011-12-10	10	12	2011	5K5M9	4CGXS	MACHINE_OBSERVATION	WII		CTP050612011232A00190a		Abishek Harihar		CC_BY_NC_4_0					2026-08-12T22:41:01.015Z	StillImage	GEODETIC_DATUM_ASSUMED_WGS84;RECORDED_DATE_INVALID;IDENTIFIED_DATE_INVALID
1020587306	e61455a4-352d-4c55-83ea-dbca254e3b29	CTP050612011250B00172a	Animalia	Chordata	Mammalia	Carnivora	Felidae	Panthera	Panthera tigris	tigris	SUBSPECIES	Panthera tigris tigris (Linnaeus, 1758)	Panthera tigris tigris (Linnaeus, 1758)		IN		Uttarakhand	PRESENT		4a19e429-8f13-478e-86d7-93adb7534524	29.9453	78.3159		0.01667					2011-02-26	26	2	2011	5K5M9	4CGXS	MACHINE_OBSERVATION	WII		CTP050612011250B00172a		Abishek Harihar		CC_BY_NC_4_0					2026-08-12T22:41:01.012Z	StillImage	GEODETIC_DATUM_ASSUMED_WGS84;IDENTIFIED_DATE_INVALID
1020587305	e61455a4-352d-4c55-83ea-dbca254e3b29	CTP050612011232B00171a	Animalia	Chordata	Mammalia	Carnivora	Felidae	Panthera	Panthera tigris	tigris	SUBSPECIES	Panthera tigris tigris (Linnaeus, 1758)	Panthera tigris tigris (Linnaeus, 1758)		IN	Dehradun	Uttarakhand	PRESENT		4a19e429-8f13-478e-86d7-93adb7534524	29.9188	78.274		0.01667					2011-12-10	10	12	2011	5K5M9	4CGXS	MACHINE_OBSERVATION	WII		CTP050612011232B00171a		Abishek Harihar		CC_BY_NC_4_0					2026-08-12T22:41:01.010Z	StillImage	GEODETIC_DATUM_ASSUMED_WGS84;RECORDED_DATE_INVALID;IDENTIFIED_DATE_INVALID
1020587304	e61455a4-352d-4c55-83ea-dbca254e3b29	CTP050612011346C00046a	Animalia	Chordata	Mammalia	Carnivora	Felidae	Panthera	Panthera tigris	tigris	SUBSPECIES	Panthera tigris tigris (Linnaeus, 1758)	Panthera tigris tigris (Linnaeus, 1758)		IN	Dehradun	Uttarakhand	PRESENT		4a19e429-8f13-478e-86d7-93adb7534524	29.9592	78.2563		0.01667					2011-12-16	16	12	2011	5K5M9	4CGXS	MACHINE_OBSERVATION	WII		CTP050612011346C00046a		Abishek Harihar		CC_BY_NC_4_0					2026-08-12T22:41:01.006Z	StillImage	GEODETIC_DATUM_ASSUMED_WGS84;IDENTIFIED_DATE_INVALID
1020587303	e61455a4-352d-4c55-83ea-dbca254e3b29	CTP050612011180A00546a	Animalia	Chordata	Mammalia	Carnivora	Felidae	Panthera	Panthera tigris	tigris	SUBSPECIES	Panthera tigris tigris (Linnaeus, 1758)	Panthera tigris tigris (Linnaeus, 1758)		IN	Dehradun	Uttarakhand	PRESENT		4a19e429-8f13-478e-86d7-93adb7534524	29.8989	78.2766		0.01667					2011-12-16	16	12	2011	5K5M9	4CGXS	MACHINE_OBSERVATION	WII		CTP050612011180A00546a		Abishek Harihar		CC_BY_NC_4_0					2026-08-12T22:41:01.003Z	StillImage	GEODETIC_DATUM_ASSUMED_WGS84;IDENTIFIED_DATE_INVALID
1020587302	e61455a4-352d-4c55-83ea-dbca254e3b29	CTP050612011179A00213a	Animalia	Chordata	Mammalia	Carnivora	Felidae	Panthera	Panthera tigris	tigris	SUBSPECIES	Panthera tigris tigris (Linnaeus, 1758)	Panthera tigris tigris (Linnaeus, 1758)		IN	Dehradun	Uttarakhand	PRESENT		4a19e429-8f13-478e-86d7-93adb7534524	29.912	78.3033		0.01667					2011-12-17	17	12	2011	5K5M9	4CGXS	MACHINE_OBSERVATION	WII		CTP050612011179A00213a		Abishek Harihar		CC_BY_NC_4_0					2026-08-12T22:41:01.001Z	StillImage	GEODETIC_DATUM_ASSUMED_WGS84;IDENTIFIED_DATE_INVALID
1020587301	e61455a4-352d-4c55-83ea-dbca254e3b29	CTP050612011250A00158a	Animalia	Chordata	Mammalia	Carnivora	Felidae	Panthera	Panthera tigris	tigris	SUBSPECIES	Panthera tigris tigris (Linnaeus, 1758)	Panthera tigris tigris (Linnaeus, 1758)		IN		Uttarakhand	PRESENT		4a19e429-8f13-478e-86d7-93adb7534524	29.9453	78.3159		0.01667					2011-02-26	26	2	2011	5K5M9	4CGXS	MACHINE_OBSERVATION	WII		CTP050612011250A00158a		Abishek Harihar		CC_BY_NC_4_0					2026-08-12T22:41:00.999Z	StillImage	GEODETIC_DATUM_ASSUMED_WGS84;IDENTIFIED_DATE_INVALID
1020587300	e61455a4-352d-4c55-83ea-dbca254e3b29	CTP050612011180B00677a	Animalia	Chordata	Mammalia	Carnivora	Felidae	Panthera	Panthera tigris	tigris	SUBSPECIES	Panthera tigris tigris (Linnaeus, 1758)	Panthera tigris tigris (Linnaeus, 1758)		IN	Dehradun	Uttarakhand	PRESENT		4a19e429-8f13-478e-86d7-93adb7534524	29.8989	78.2766		0.01667					2011-12-20	20	12	2011	5K5M9	4CGXS	MACHINE_OBSERVATION	WII		CTP050612011180B00677a		Abishek Harihar		CC_BY_NC_4_0					2026-08-12T22:41:00.971Z	StillImage	GEODETIC_DATUM_ASSUMED_WGS84;IDENTIFIED_DATE_INVALID
1020587299	e61455a4-352d-4c55-83ea-dbca254e3b29	CTP050612011321B00185a	Animalia	Chordata	Mammalia	Carnivora	Felidae	Panthera	Panthera tigris	tigris	SUBSPECIES	Panthera tigris tigris (Linnaeus, 1758)	Panthera tigris tigris (Linnaeus, 1758)		IN	Dehradun	Uttarakhand	PRESENT		4a19e429-8f13-478e-86d7-93adb7534524	29.9554	78.2965		0.01667					2011-02-17	17	2	2011	5K5M9	4CGXS	MACHINE_OBSERVATION	WII		CTP050612011321B00185a		Abishek Harihar		CC_BY_NC_4_0					2026-08-12T22:41:00.968Z	StillImage	GEODETIC_DATUM_ASSUMED_WGS84;IDENTIFIED_DATE_INVALID
1020587298	e61455a4-352d-4c55-83ea-dbca254e3b29	CTP050612011321A00206a	Animalia	Chordata	Mammalia	Carnivora	Felidae	Panthera	Panthera tigris	tigris	SUBSPECIES	Panthera tigris tigris (Linnaeus, 1758)	Panthera tigris tigris (Linnaeus, 1758)		IN	Dehradun	Uttarakhand	PRESENT		4a19e429-8f13-478e-86d7-93adb7534524	29.9554	78.2965		0.01667					2011-02-19	19	2	2011	5K5M9	4CGXS	MACHINE_OBSERVATION	WII		CTP050612011321A00206a		Abishek Harihar		CC_BY_NC_4_0					2026-08-12T22:41:00.964Z	StillImage	GEODETIC_DATUM_ASSUMED_WGS84;IDENTIFIED_DATE_INVALID
1020587297	e61455a4-352d-4c55-83ea-dbca254e3b29	CTP050612009266A00056a	Animalia	Chordata	Mammalia	Carnivora	Felidae	Panthera	Panthera tigris	tigris	SUBSPECIES	Panthera tigris tigris (Linnaeus, 1758)	Panthera tigris tigris (Linnaeus, 1758)		IN		Uttarakhand	PRESENT		4a19e429-8f13-478e-86d7-93adb7534524	29.9387	78.2865		0.01667									5K5M9	4CGXS	MACHINE_OBSERVATION	WII		CTP050612009266A00056a		Abishek Harihar		CC_BY_NC_4_0					2026-08-12T22:41:00.957Z	StillImage	GEODETIC_DATUM_ASSUMED_WGS84;RECORDED_DATE_MISMATCH
1020587296	e61455a4-352d-4c55-83ea-dbca254e3b29	CTP050612011232A00872a	Animalia	Chordata	Mammalia	Carnivora	Felidae	Panthera	Panthera tigris	tigris	SUBSPECIES	Panthera tigris tigris (Linnaeus, 1758)	Panthera tigris tigris (Linnaeus, 1758)		IN	Dehradun	Uttarakhand	PRESENT		4a19e429-8f13-478e-86d7-93adb7534524	29.9188	78.274		0.01667					2011-12-22	22	12	2011	5K5M9	4CGXS	MACHINE_OBSERVATION	WII		CTP050612011232A00872a		Abishek Harihar		CC_BY_NC_4_0					2026-08-12T22:41:00.930Z	StillImage	GEODETIC_DATUM_ASSUMED_WGS84;IDENTIFIED_DATE_INVALID
1020587295	e61455a4-352d-4c55-83ea-dbca254e3b29	CTP050612011211A00038a	Animalia	Chordata	Mammalia	Carnivora	Felidae	Panthera	Panthera tigris	tigris	SUBSPECIES	Panthera tigris tigris (Linnaeus, 1758)	Panthera tigris tigris (Linnaeus, 1758)		IN	Dehradun	Uttarakhand	PRESENT		4a19e429-8f13-478e-86d7-93adb7534524	29.9309	78.3107		0.01667					2011-12-12	12	12	2011	5K5M9	4CGXS	MACHINE_OBSERVATION	WII		CTP050612011211A00038a		Abishek Harihar		CC_BY_NC_4_0					2026-08-12T22:41:00.926Z	StillImage	GEODETIC_DATUM_ASSUMED_WGS84;IDENTIFIED_DATE_INVALID
1020587294	e61455a4-352d-4c55-83ea-dbca254e3b29	CTP050612011180A00497a	Animalia	Chordata	Mammalia	Carnivora	Felidae	Panthera	Panthera tigris	tigris	SUBSPECIES	Panthera tigris tigris (Linnaeus, 1758)	Panthera tigris tigris (Linnaeus, 1758)		IN	Dehradun	Uttarakhand	PRESENT		4a19e429-8f13-478e-86d7-93adb7534524	29.8989	78.2766		0.01667					2011-12-15	15	12	2011	5K5M9	4CGXS	MACHINE_OBSERVATION	WII		CTP050612011180A00497a		Abishek Harihar		CC_BY_NC_4_0					2026-08-12T22:41:00.910Z	StillImage	GEODETIC_DATUM_ASSUMED_WGS84;IDENTIFIED_DATE_INVALID
1020587293	e61455a4-352d-4c55-83ea-dbca254e3b29	CTP050612011233A00612a	Animalia	Chordata	Mammalia	Carnivora	Felidae	Panthera	Panthera tigris	tigris	SUBSPECIES	Panthera tigris tigris (Linnaeus, 1758)	Panthera tigris tigris (Linnaeus, 1758)		IN	Dehradun	Uttarakhand	PRESENT		4a19e429-8f13-478e-86d7-93adb7534524	29.9278	78.2668		0.01667					2011-02-23	23	2	2011	5K5M9	4CGXS	MACHINE_OBSERVATION	WII		CTP050612011233A00612a		Abishek Harihar		CC_BY_NC_4_0					2026-08-12T22:41:00.885Z	StillImage	GEODETIC_DATUM_ASSUMED_WGS84;IDENTIFIED_DATE_INVALID
1020587292	e61455a4-352d-4c55-83ea-dbca254e3b29	CTP050612011211A00139a	Animalia	Chordata	Mammalia	Carnivora	Felidae	Panthera	Panthera tigris	tigris	SUBSPECIES	Panthera tigris tigris (Linnaeus, 1758)	Panthera tigris tigris (Linnaeus, 1758)		IN	Dehradun	Uttarakhand	PRESENT		4a19e429-8f13-478e-86d7-93adb7534524	29.9309	78.3107		0.01667					2011-02-17	17	2	2011	5K5M9	4CGXS	MACHINE_OBSERVATION	WII		CTP050612011211A00139a		Abishek Harihar		CC_BY_NC_4_0					2026-08-12T22:41:00.881Z	StillImage	GEODETIC_DATUM_ASSUMED_WGS84;IDENTIFIED_DATE_INVALID
1020587291	e61455a4-352d-4c55-83ea-dbca254e3b29	CTP050612011269A00187a	Animalia	Chordata	Mammalia	Carnivora	Felidae	Panthera	Panthera tigris	tigris	SUBSPECIES	Panthera tigris tigris (Linnaeus, 1758)	Panthera tigris tigris (Linnaeus, 1758)		IN	Dehradun	Uttarakhand	PRESENT		4a19e429-8f13-478e-86d7-93adb7534524	29.9431	78.2932		0.01667					2011-12-23	23	12	2011	5K5M9	4CGXS	MACHINE_OBSERVATION	WII		CTP050612011269A00187a		Abishek Harihar		CC_BY_NC_4_0					2026-08-12T22:41:00.878Z	StillImage	GEODETIC_DATUM_ASSUMED_WGS84;IDENTIFIED_DATE_INVALID
1020587290	e61455a4-352d-4c55-83ea-dbca254e3b29	CTP050612011346A00059a	Animalia	Chordata	Mammalia	Carnivora	Felidae	Panthera	Panthera tigris	tigris	SUBSPECIES	Panthera tigris tigris (Linnaeus, 1758)	Panthera tigris tigris (Linnaeus, 1758)		IN	Dehradun	Uttarakhand	PRESENT		4a19e429-8f13-478e-86d7-93adb7534524	29.9592	78.2563		0.01667					2011-12-10	10	12	2011	5K5M9	4CGXS	MACHINE_OBSERVATION	WII		CTP050612011346A00059a		Abishek Harihar		CC_BY_NC_4_0					2026-08-12T22:41:00.875Z	StillImage	GEODETIC_DATUM_ASSUMED_WGS84;RECORDED_DATE_INVALID;IDENTIFIED_DATE_INVALID
1020587289	e61455a4-352d-4c55-83ea-dbca254e3b29	CTP050612011274B00406a	Animalia	Chordata	Mammalia	Carnivora	Felidae	Panthera	Panthera tigris	tigris	SUBSPECIES	Panthera tigris tigris (Linnaeus, 1758)	Panthera tigris tigris (Linnaeus, 1758)		IN	Dehradun	Uttarakhand	PRESENT		4a19e429-8f13-478e-86d7-93adb7534524	29.9447	78.271		0.01667					2011-12-21	21	12	2011	5K5M9	4CGXS	MACHINE_OBSERVATION	WII		CTP050612011274B00406a		Abishek Harihar		CC_BY_NC_4_0					2026-08-12T22:41:00.872Z	StillImage	GEODETIC_DATUM_ASSUMED_WGS84;IDENTIFIED_DATE_INVALID
1020587288	e61455a4-352d-4c55-83ea-dbca254e3b29	CTP050612011179B00137a	Animalia	Chordata	Mammalia	Carnivora	Felidae	Panthera	Panthera tigris	tigris	SUBSPECIES	Panthera tigris tigris (Linnaeus, 1758)	Panthera tigris tigris (Linnaeus, 1758)		IN	Dehradun	Uttarakhand	PRESENT		4a19e429-8f13-478e-86d7-93adb7534524	29.912	78.3033		0.01667					2011-12-17	17	12	2011	5K5M9	4CGXS	MACHINE_OBSERVATION	WII		CTP050612011179B00137a		Abishek Harihar		CC_BY_NC_4_0					2026-08-12T22:41:00.869Z	StillImage	GEODETIC_DATUM_ASSUMED_WGS84;IDENTIFIED_DATE_INVALID
1020587287	e61455a4-352d-4c55-83ea-dbca254e3b29	CTP050612011061A00115a	Animalia	Chordata	Mammalia	Carnivora	Felidae	Panthera	Panthera tigris	tigris	SUBSPECIES	Panthera tigris tigris (Linnaeus, 1758)	Panthera tigris tigris (Linnaeus, 1758)		IN	Dehradun	Uttarakhand	PRESENT		4a19e429-8f13-478e-86d7-93adb7534524	29.8641	78.3438		0.01667					2011-12-21	21	12	2011	5K5M9	4CGXS	MACHINE_OBSERVATION	WII		CTP050612011061A00115a		Abishek Harihar		CC_BY_NC_4_0					2026-08-12T22:41:00.859Z	StillImage	GEODETIC_DATUM_ASSUMED_WGS84;IDENTIFIED_DATE_INVALID
1020587286	e61455a4-352d-4c55-83ea-dbca254e3b29	CTP050612011180A00498a	Animalia	Chordata	Mammalia	Carnivora	Felidae	Panthera	Panthera tigris	tigris	SUBSPECIES	Panthera tigris tigris (Linnaeus, 1758)	Panthera tigris tigris (Linnaeus, 1758)		IN	Dehradun	Uttarakhand	PRESENT		4a19e429-8f13-478e-86d7-93adb7534524	29.8989	78.2766		0.01667					2011-12-15	15	12	2011	5K5M9	4CGXS	MACHINE_OBSERVATION	WII		CTP050612011180A00498a		Abishek Harihar		CC_BY_NC_4_0					2026-08-12T22:41:00.845Z	StillImage	GEODETIC_DATUM_ASSUMED_WGS84;IDENTIFIED_DATE_INVALID
1020587285	e61455a4-352d-4c55-83ea-dbca254e3b29	CTP050612011180B00464a	Animalia	Chordata	Mammalia	Carnivora	Felidae	Panthera	Panthera tigris	tigris	SUBSPECIES	Panthera tigris tigris (Linnaeus, 1758)	Panthera tigris tigris (Linnaeus, 1758)		IN	Dehradun	Uttarakhand	PRESENT		4a19e429-8f13-478e-86d7-93adb7534524	29.8989	78.2766		0.01667					2011-12-15	15	12	2011	5K5M9	4CGXS	MACHINE_OBSERVATION	WII		CTP050612011180B00464a		Abishek Harihar		CC_BY_NC_4_0					2026-08-12T22:41:00.835Z	StillImage	GEODETIC_DATUM_ASSUMED_WGS84;IDENTIFIED_DATE_INVALID
1020587284	e61455a4-352d-4c55-83ea-dbca254e3b29	CTP050612011321B00222a	Animalia	Chordata	Mammalia	Carnivora	Felidae	Panthera	Panthera tigris	tigris	SUBSPECIES	Panthera tigris tigris (Linnaeus, 1758)	Panthera tigris tigris (Linnaeus, 1758)		IN	Dehradun	Uttarakhand	PRESENT		4a19e429-8f13-478e-86d7-93adb7534524	29.9554	78.2965		0.01667					2011-02-19	19	2	2011	5K5M9	4CGXS	MACHINE_OBSERVATION	WII		CTP050612011321B00222a		Abishek Harihar		CC_BY_NC_4_0					2026-08-12T22:41:00.829Z	StillImage	GEODETIC_DATUM_ASSUMED_WGS84;IDENTIFIED_DATE_INVALID
1020587283	e61455a4-352d-4c55-83ea-dbca254e3b29	CTP050612011211A00329a	Animalia	Chordata	Mammalia	Carnivora	Felidae	Panthera	Panthera tigris	tigris	SUBSPECIES	Panthera tigris tigris (Linnaeus, 1758)	Panthera tigris tigris (Linnaeus, 1758)		IN	Dehradun	Uttarakhand	PRESENT		4a19e429-8f13-478e-86d7-93adb7534524	29.9309	78.3107		0.01667					2011-12-19	19	12	2011	5K5M9	4CGXS	MACHINE_OBSERVATION	WII		CTP050612011211A00329a		Abishek Harihar		CC_BY_NC_4_0					2026-08-12T22:41:00.793Z	StillImage	GEODETIC_DATUM_ASSUMED_WGS84;IDENTIFIED_DATE_INVALID
1020587282	e61455a4-352d-4c55-83ea-dbca254e3b29	CTP050612009472A00037a	Animalia	Chordata	Mammalia	Carnivora	Felidae	Panthera	Panthera tigris	tigris	SUBSPECIES	Panthera tigris tigris (Linnaeus, 1758)	Panthera tigris tigris (Linnaeus, 1758)		IN	Chilla range	Uttarakhand	PRESENT		4a19e429-8f13-478e-86d7-93adb7534524	29.9974	78.2451		0.01667					2009-12-18	18	12	2009	5K5M9	4CGXS	MACHINE_OBSERVATION	WII		CTP050612009472A00037a		Abishek Harihar		CC_BY_NC_4_0					2026-08-12T22:41:00.771Z	StillImage	GEODETIC_DATUM_ASSUMED_WGS84
1020587281	e61455a4-352d-4c55-83ea-dbca254e3b29	CTP050612009472A00296a	Animalia	Chordata	Mammalia	Carnivora	Felidae	Panthera	Panthera tigris	tigris	SUBSPECIES	Panthera tigris tigris (Linnaeus, 1758)	Panthera tigris tigris (Linnaeus, 1758)		IN	Chilla range	Uttarakhand	PRESENT		4a19e429-8f13-478e-86d7-93adb7534524	29.9974	78.2451		0.01667					2009-12-28	28	12	2009	5K5M9	4CGXS	MACHINE_OBSERVATION	WII		CTP050612009472A00296a		Abishek Harihar		CC_BY_NC_4_0					2026-08-12T22:41:00.767Z	StillImage	GEODETIC_DATUM_ASSUMED_WGS84
1020587280	e61455a4-352d-4c55-83ea-dbca254e3b29	CTP050612011171A00212a	Animalia	Chordata	Mammalia	Carnivora	Felidae	Panthera	Panthera tigris	tigris	SUBSPECIES	Panthera tigris tigris (Linnaeus, 1758)	Panthera tigris tigris (Linnaeus, 1758)		IN	Dehradun	Uttarakhand	PRESENT		4a19e429-8f13-478e-86d7-93adb7534524	29.9079	78.2878		0.01667					2011-02-17	17	2	2011	5K5M9	4CGXS	MACHINE_OBSERVATION	WII		CTP050612011171A00212a		Abishek Harihar		CC_BY_NC_4_0					2026-08-12T22:41:00.748Z	StillImage	GEODETIC_DATUM_ASSUMED_WGS84;IDENTIFIED_DATE_INVALID
1020587279	e61455a4-352d-4c55-83ea-dbca254e3b29	CTP050612011262B01129a	Animalia	Chordata	Mammalia	Carnivora	Felidae	Panthera	Panthera tigris	tigris	SUBSPECIES	Panthera tigris tigris (Linnaeus, 1758)	Panthera tigris tigris (Linnaeus, 1758)		IN	Dehradun	Uttarakhand	PRESENT		4a19e429-8f13-478e-86d7-93adb7534524	29.9341	78.2912		0.01667					2011-12-25	25	12	2011	5K5M9	4CGXS	MACHINE_OBSERVATION	WII		CTP050612011262B01129a		Abishek Harihar		CC_BY_NC_4_0					2026-08-12T22:41:00.745Z	StillImage	GEODETIC_DATUM_ASSUMED_WGS84;IDENTIFIED_DATE_INVALID
1020587278	e61455a4-352d-4c55-83ea-dbca254e3b29	CTP050612009410A00051a	Animalia	Chordata	Mammalia	Carnivora	Felidae	Panthera	Panthera tigris	tigris	SUBSPECIES	Panthera tigris tigris (Linnaeus, 1758)	Panthera tigris tigris (Linnaeus, 1758)		IN	Chilla range	Uttarakhand	PRESENT		4a19e429-8f13-478e-86d7-93adb7534524	29.9685	78.2448		0.01667					2009-12-15	15	12	2009	5K5M9	4CGXS	MACHINE_OBSERVATION	WII		CTP050612009410A00051a		Abishek Harihar		CC_BY_NC_4_0					2026-08-12T22:41:00.743Z	StillImage	GEODETIC_DATUM_ASSUMED_WGS84
1020587277	e61455a4-352d-4c55-83ea-dbca254e3b29	CTP050612011180B00332a	Animalia	Chordata	Mammalia	Carnivora	Felidae	Panthera	Panthera tigris	tigris	SUBSPECIES	Panthera tigris tigris (Linnaeus, 1758)	Panthera tigris tigris (Linnaeus, 1758)		IN	Dehradun	Uttarakhand	PRESENT		4a19e429-8f13-478e-86d7-93adb7534524	29.8989	78.2766		0.01667					2011-12-10	10	12	2011	5K5M9	4CGXS	MACHINE_OBSERVATION	WII		CTP050612011180B00332a		Abishek Harihar		CC_BY_NC_4_0					2026-08-12T22:41:00.739Z	StillImage	GEODETIC_DATUM_ASSUMED_WGS84;RECORDED_DATE_INVALID;IDENTIFIED_DATE_INVALID
1020587276	e61455a4-352d-4c55-83ea-dbca254e3b29	CTP050612011180A00551a	Animalia	Chordata	Mammalia	Carnivora	Felidae	Panthera	Panthera tigris	tigris	SUBSPECIES	Panthera tigris tigris (Linnaeus, 1758)	Panthera tigris tigris (Linnaeus, 1758)		IN	Dehradun	Uttarakhand	PRESENT		4a19e429-8f13-478e-86d7-93adb7534524	29.8989	78.2766		0.01667					2011-12-17	17	12	2011	5K5M9	4CGXS	MACHINE_OBSERVATION	WII		CTP050612011180A00551a		Abishek Harihar		CC_BY_NC_4_0					2026-08-12T22:41:00.737Z	StillImage	GEODETIC_DATUM_ASSUMED_WGS84;IDENTIFIED_DATE_INVALID
1020587275	e61455a4-352d-4c55-83ea-dbca254e3b29	CTP050612011232B00172a	Animalia	Chordata	Mammalia	Carnivora	Felidae	Panthera	Panthera tigris	tigris	SUBSPECIES	Panthera tigris tigris (Linnaeus, 1758)	Panthera tigris tigris (Linnaeus, 1758)		IN	Dehradun	Uttarakhand	PRESENT		4a19e429-8f13-478e-86d7-93adb7534524	29.9188	78.274		0.01667					2011-12-10	10	12	2011	5K5M9	4CGXS	MACHINE_OBSERVATION	WII		CTP050612011232B00172a		Abishek Harihar		CC_BY_NC_4_0					2026-08-12T22:41:00.734Z	StillImage	GEODETIC_DATUM_ASSUMED_WGS84;RECORDED_DATE_INVALID;IDENTIFIED_DATE_INVALID
1020587274	e61455a4-352d-4c55-83ea-dbca254e3b29	CTP050612009344A00334a	Animalia	Chordata	Mammalia	Carnivora	Felidae	Panthera	Panthera tigris	tigris	SUBSPECIES	Panthera tigris tigris (Linnaeus, 1758)	Panthera tigris tigris (Linnaeus, 1758)		IN	Chilla range	Uttarakhand	PRESENT		4a19e429-8f13-478e-86d7-93adb7534524	29.9565	78.2537		0.01667					2009-12-09	9	12	2009	5K5M9	4CGXS	MACHINE_OBSERVATION	WII		CTP050612009344A00334a		Abishek Harihar		CC_BY_NC_4_0					2026-08-12T22:41:00.731Z	StillImage	GEODETIC_DATUM_ASSUMED_WGS84;RECORDED_DATE_INVALID
1020587273	e61455a4-352d-4c55-83ea-dbca254e3b29	CTP050612011232A00562a	Animalia	Chordata	Mammalia	Carnivora	Felidae	Panthera	Panthera tigris	tigris	SUBSPECIES	Panthera tigris tigris (Linnaeus, 1758)	Panthera tigris tigris (Linnaeus, 1758)		IN	Dehradun	Uttarakhand	PRESENT		4a19e429-8f13-478e-86d7-93adb7534524	29.9188	78.274		0.01667					2011-12-17	17	12	2011	5K5M9	4CGXS	MACHINE_OBSERVATION	WII		CTP050612011232A00562a		Abishek Harihar		CC_BY_NC_4_0					2026-08-12T22:41:00.707Z	StillImage	GEODETIC_DATUM_ASSUMED_WGS84;IDENTIFIED_DATE_INVALID
1020587272	e61455a4-352d-4c55-83ea-dbca254e3b29	CTP050612009073A00063a	Animalia	Chordata	Mammalia	Carnivora	Felidae	Panthera	Panthera tigris	tigris	SUBSPECIES	Panthera tigris tigris (Linnaeus, 1758)	Panthera tigris tigris (Linnaeus, 1758)		IN	Chilla range	Uttarakhand	PRESENT		4a19e429-8f13-478e-86d7-93adb7534524	29.8755	78.3104		0.01667					2009-11-04	4	11	2009	5K5M9	4CGXS	MACHINE_OBSERVATION	WII		CTP050612009073A00063a		Abishek Harihar		CC_BY_NC_4_0					2026-08-12T22:41:00.704Z	StillImage	GEODETIC_DATUM_ASSUMED_WGS84;RECORDED_DATE_INVALID
1020587271	e61455a4-352d-4c55-83ea-dbca254e3b29	CTP050612009420A00100a	Animalia	Chordata	Mammalia	Carnivora	Felidae	Panthera	Panthera tigris	tigris	SUBSPECIES	Panthera tigris tigris (Linnaeus, 1758)	Panthera tigris tigris (Linnaeus, 1758)		IN	Chilla range	Uttarakhand	PRESENT		4a19e429-8f13-478e-86d7-93adb7534524	29.9702	78.2304		0.01667					2009-12-13	13	12	2009	5K5M9	4CGXS	MACHINE_OBSERVATION	WII		CTP050612009420A00100a		Abishek Harihar		CC_BY_NC_4_0					2026-08-12T22:41:00.701Z	StillImage	GEODETIC_DATUM_ASSUMED_WGS84
1020587270	e61455a4-352d-4c55-83ea-dbca254e3b29	CTP050612011180A00317a	Animalia	Chordata	Mammalia	Carnivora	Felidae	Panthera	Panthera tigris	tigris	SUBSPECIES	Panthera tigris tigris (Linnaeus, 1758)	Panthera tigris tigris (Linnaeus, 1758)		IN	Dehradun	Uttarakhand	PRESENT		4a19e429-8f13-478e-86d7-93adb7534524	29.8989	78.2766		0.01667					2011-12-09	9	12	2011	5K5M9	4CGXS	MACHINE_OBSERVATION	WII		CTP050612011180A00317a		Abishek Harihar		CC_BY_NC_4_0					2026-08-12T22:41:00.685Z	StillImage	GEODETIC_DATUM_ASSUMED_WGS84;RECORDED_DATE_INVALID;IDENTIFIED_DATE_INVALID
1020587269	e61455a4-352d-4c55-83ea-dbca254e3b29	CTP050612009352A00176a	Animalia	Chordata	Mammalia	Carnivora	Felidae	Panthera	Panthera tigris	tigris	SUBSPECIES	Panthera tigris tigris (Linnaeus, 1758)	Panthera tigris tigris (Linnaeus, 1758)		IN		Uttarakhand	PRESENT		4a19e429-8f13-478e-86d7-93adb7534524	29.9598	78.242		0.01667					2005-01-12	12	1	2005	5K5M9	4CGXS	MACHINE_OBSERVATION	WII		CTP050612009352A00176a		Abishek Harihar		CC_BY_NC_4_0					2026-08-12T22:41:00.683Z	StillImage	GEODETIC_DATUM_ASSUMED_WGS84;RECORDED_DATE_INVALID
1020587268	e61455a4-352d-4c55-83ea-dbca254e3b29	CTP050612011232A00172a	Animalia	Chordata	Mammalia	Carnivora	Felidae	Panthera	Panthera tigris	tigris	SUBSPECIES	Panthera tigris tigris (Linnaeus, 1758)	Panthera tigris tigris (Linnaeus, 1758)		IN	Dehradun	Uttarakhand	PRESENT		4a19e429-8f13-478e-86d7-93adb7534524	29.9188	78.274		0.01667					2011-12-10	10	12	2011	5K5M9	4CGXS	MACHINE_OBSERVATION	WII		CTP050612011232A00172a		Abishek Harihar		CC_BY_NC_4_0					2026-08-12T22:41:00.681Z	StillImage	GEODETIC_DATUM_ASSUMED_WGS84;RECORDED_DATE_INVALID;IDENTIFIED_DATE_INVALID
1020587267	e61455a4-352d-4c55-83ea-dbca254e3b29	CTP050612011180B00673a	Animalia	Chordata	Mammalia	Carnivora	Felidae	Panthera	Panthera tigris	tigris	SUBSPECIES	Panthera tigris tigris (Linnaeus, 1758)	Panthera tigris tigris (Linnaeus, 1758)		IN	Dehradun	Uttarakhand	PRESENT		4a19e429-8f13-478e-86d7-93adb7534524	29.8989	78.2766		0.01667					2011-12-20	20	12	2011	5K5M9	4CGXS	MACHINE_OBSERVATION	WII		CTP050612011180B00673a		Abishek Harihar		CC_BY_NC_4_0					2026-08-12T22:41:00.678Z	StillImage	GEODETIC_DATUM_ASSUMED_WGS84;IDENTIFIED_DATE_INVALID
1020587266	e61455a4-352d-4c55-83ea-dbca254e3b29	CTP050612009342A00771a	Animalia	Chordata	Mammalia	Carnivora	Felidae	Panthera	Panthera tigris	tigris	SUBSPECIES	Panthera tigris tigris (Linnaeus, 1758)	Panthera tigris tigris (Linnaeus, 1758)		IN		Uttarakhand	PRESENT		4a19e429-8f13-478e-86d7-93adb7534524	29.9501	78.2498		0.01667									5K5M9	4CGXS	MACHINE_OBSERVATION	WII		CTP050612009342A00771a		Abishek Harihar		CC_BY_NC_4_0					2026-08-12T22:41:00.676Z	StillImage	GEODETIC_DATUM_ASSUMED_WGS84;RECORDED_DATE_MISMATCH
1020587265	e61455a4-352d-4c55-83ea-dbca254e3b29	CTP050612011262B00367a	Animalia	Chordata	Mammalia	Carnivora	Felidae	Panthera	Panthera tigris	tigris	SUBSPECIES	Panthera tigris tigris (Linnaeus, 1758)	Panthera tigris tigris (Linnaeus, 1758)		IN	Dehradun	Uttarakhand	PRESENT		4a19e429-8f13-478e-86d7-93adb7534524	29.9341	78.2912		0.01667					2011-12-11	11	12	2011	5K5M9	4CGXS	MACHINE_OBSERVATION	WII		CTP050612011262B00367a		Abishek Harihar		CC_BY_NC_4_0					2026-08-12T22:41:00.674Z	StillImage	GEODETIC_DATUM_ASSUMED_WGS84;RECORDED_DATE_INVALID;IDENTIFIED_DATE_INVALID
1020587264	e61455a4-352d-4c55-83ea-dbca254e3b29	CTP050612011130A00267a	Animalia	Chordata	Mammalia	Carnivora	Felidae	Panthera	Panthera tigris	tigris	SUBSPECIES	Panthera tigris tigris (Linnaeus, 1758)	Panthera tigris tigris (Linnaeus, 1758)		IN	Dehradun	Uttarakhand	PRESENT		4a19e429-8f13-478e-86d7-93adb7534524	29.8913	78.2834		0.01667					2011-12-16	16	12	2011	5K5M9	4CGXS	MACHINE_OBSERVATION	WII		CTP050612011130A00267a		Abishek Harihar		CC_BY_NC_4_0					2026-08-12T22:41:00.671Z	StillImage	GEODETIC_DATUM_ASSUMED_WGS84;IDENTIFIED_DATE_INVALID
1020587263	e61455a4-352d-4c55-83ea-dbca254e3b29	CTP050612009326A00084a	Animalia	Chordata	Mammalia	Carnivora	Felidae	Panthera	Panthera tigris	tigris	SUBSPECIES	Panthera tigris tigris (Linnaeus, 1758)	Panthera tigris tigris (Linnaeus, 1758)		IN	Chilla range	Uttarakhand	PRESENT		4a19e429-8f13-478e-86d7-93adb7534524	29.9552	78.2856		0.01667					2009-11-18	18	11	2009	5K5M9	4CGXS	MACHINE_OBSERVATION	WII		CTP050612009326A00084a		Abishek Harihar		CC_BY_NC_4_0					2026-08-12T22:41:00.668Z	StillImage	GEODETIC_DATUM_ASSUMED_WGS84
1020587262	e61455a4-352d-4c55-83ea-dbca254e3b29	CTP050612009342A00272a	Animalia	Chordata	Mammalia	Carnivora	Felidae	Panthera	Panthera tigris	tigris	SUBSPECIES	Panthera tigris tigris (Linnaeus, 1758)	Panthera tigris tigris (Linnaeus, 1758)		IN		Uttarakhand	PRESENT		4a19e429-8f13-478e-86d7-93adb7534524	29.9501	78.2498		0.01667									5K5M9	4CGXS	MACHINE_OBSERVATION	WII		CTP050612009342A00272a		Abishek Harihar		CC_BY_NC_4_0					2026-08-12T22:41:00.659Z	StillImage	GEODETIC_DATUM_ASSUMED_WGS84;RECORDED_DATE_MISMATCH
1020587261	e61455a4-352d-4c55-83ea-dbca254e3b29	CTP050612009352A00123a	Animalia	Chordata	Mammalia	Carnivora	Felidae	Panthera	Panthera tigris	tigris	SUBSPECIES	Panthera tigris tigris (Linnaeus, 1758)	Panthera tigris tigris (Linnaeus, 1758)		IN		Uttarakhand	PRESENT		4a19e429-8f13-478e-86d7-93adb7534524	29.9598	78.242		0.01667									5K5M9	4CGXS	MACHINE_OBSERVATION	WII		CTP050612009352A00123a		Abishek Harihar		CC_BY_NC_4_0					2026-08-12T22:41:00.657Z	StillImage	GEODETIC_DATUM_ASSUMED_WGS84;RECORDED_DATE_MISMATCH
1020587260	e61455a4-352d-4c55-83ea-dbca254e3b29	CTP050612009430A00082a	Animalia	Chordata	Mammalia	Carnivora	Felidae	Panthera	Panthera tigris	tigris	SUBSPECIES	Panthera tigris tigris (Linnaeus, 1758)	Panthera tigris tigris (Linnaeus, 1758)		IN	Chilla range	Uttarakhand	PRESENT		4a19e429-8f13-478e-86d7-93adb7534524	29.9685	78.2145		0.01667					2009-12-05	5	12	2009	5K5M9	4CGXS	MACHINE_OBSERVATION	WII		CTP050612009430A00082a		Abishek Harihar		CC_BY_NC_4_0					2026-08-12T22:41:00.623Z	StillImage	GEODETIC_DATUM_ASSUMED_WGS84;RECORDED_DATE_INVALID
1020587259	e61455a4-352d-4c55-83ea-dbca254e3b29	CTP050612009212A00173a	Animalia	Chordata	Mammalia	Carnivora	Felidae	Panthera	Panthera tigris	tigris	SUBSPECIES	Panthera tigris tigris (Linnaeus, 1758)	Panthera tigris tigris (Linnaeus, 1758)		IN	Chilla range	Uttarakhand	PRESENT		4a19e429-8f13-478e-86d7-93adb7534524	29.93	78.3062		0.01667					2009-11-20	20	11	2009	5K5M9	4CGXS	MACHINE_OBSERVATION	WII		CTP050612009212A00173a		Abishek Harihar		CC_BY_NC_4_0					2026-08-12T22:41:00.621Z	StillImage	GEODETIC_DATUM_ASSUMED_WGS84
1020587258	e61455a4-352d-4c55-83ea-dbca254e3b29	CTP050612009325A00108a	Animalia	Chordata	Mammalia	Carnivora	Felidae	Panthera	Panthera tigris	tigris	SUBSPECIES	Panthera tigris tigris (Linnaeus, 1758)	Panthera tigris tigris (Linnaeus, 1758)		IN	Chilla range	Uttarakhand	PRESENT		4a19e429-8f13-478e-86d7-93adb7534524	29.9647	78.2861		0.01667					2009-11-13	13	11	2009	5K5M9	4CGXS	MACHINE_OBSERVATION	WII		CTP050612009325A00108a		Abishek Harihar		CC_BY_NC_4_0					2026-08-12T22:41:00.618Z	StillImage	GEODETIC_DATUM_ASSUMED_WGS84
1020587257	e61455a4-352d-4c55-83ea-dbca254e3b29	CTP050612009422A00409a	Animalia	Chordata	Mammalia	Carnivora	Felidae	Panthera	Panthera tigris	tigris	SUBSPECIES	Panthera tigris tigris (Linnaeus, 1758)	Panthera tigris tigris (Linnaeus, 1758)		IN	Chilla range	Uttarakhand	PRESENT		4a19e429-8f13-478e-86d7-93adb7534524	29.9807	78.2326		0.01667					2009-12-27	27	12	2009	5K5M9	4CGXS	MACHINE_OBSERVATION	WII		CTP050612009422A00409a		Abishek Harihar		CC_BY_NC_4_0					2026-08-12T22:41:00.601Z	StillImage	GEODETIC_DATUM_ASSUMED_WGS84
1020587256	e61455a4-352d-4c55-83ea-dbca254e3b29	CTP050612011180A00323a	Animalia	Chordata	Mammalia	Carnivora	Felidae	Panthera	Panthera tigris	tigris	SUBSPECIES	Panthera tigris tigris (Linnaeus, 1758)	Panthera tigris tigris (Linnaeus, 1758)		IN	Dehradun	Uttarakhand	PRESENT		4a19e429-8f13-478e-86d7-93adb7534524	29.8989	78.2766		0.01667					2011-12-10	10	12	2011	5K5M9	4CGXS	MACHINE_OBSERVATION	WII		CTP050612011180A00323a		Abishek Harihar		CC_BY_NC_4_0					2026-08-12T22:41:00.599Z	StillImage	GEODETIC_DATUM_ASSUMED_WGS84;RECORDED_DATE_INVALID;IDENTIFIED_DATE_INVALID
1020587255	e61455a4-352d-4c55-83ea-dbca254e3b29	CTP050612009269A00048a	Animalia	Chordata	Mammalia	Carnivora	Felidae	Panthera	Panthera tigris	tigris	SUBSPECIES	Panthera tigris tigris (Linnaeus, 1758)	Panthera tigris tigris (Linnaeus, 1758)		IN	Chilla range	Uttarakhand	PRESENT		4a19e429-8f13-478e-86d7-93adb7534524	29.9431	78.2932		0.01667					2009-11-21	21	11	2009	5K5M9	4CGXS	MACHINE_OBSERVATION	WII		CTP050612009269A00048a		Abishek Harihar		CC_BY_NC_4_0					2026-08-12T22:41:00.595Z	StillImage	GEODETIC_DATUM_ASSUMED_WGS84
1020587254	e61455a4-352d-4c55-83ea-dbca254e3b29	CTP050612009342A00092a	Animalia	Chordata	Mammalia	Carnivora	Felidae	Panthera	Panthera tigris	tigris	SUBSPECIES	Panthera tigris tigris (Linnaeus, 1758)	Panthera tigris tigris (Linnaeus, 1758)		IN		Uttarakhand	PRESENT		4a19e429-8f13-478e-86d7-93adb7534524	29.9501	78.2498		0.01667									5K5M9	4CGXS	MACHINE_OBSERVATION	WII		CTP050612009342A00092a		Abishek Harihar		CC_BY_NC_4_0					2026-08-12T22:41:00.592Z	StillImage	GEODETIC_DATUM_ASSUMED_WGS84;RECORDED_DATE_MISMATCH
1020587253	e61455a4-352d-4c55-83ea-dbca254e3b29	CTP050612009130A00167a	Animalia	Chordata	Mammalia	Carnivora	Felidae	Panthera	Panthera tigris	tigris	SUBSPECIES	Panthera tigris tigris (Linnaeus, 1758)	Panthera tigris tigris (Linnaeus, 1758)		IN	Chilla range	Uttarakhand	PRESENT		4a19e429-8f13-478e-86d7-93adb7534524	29.8915	78.2834		0.01667					2009-11-18	18	11	2009	5K5M9	4CGXS	MACHINE_OBSERVATION	WII		CTP050612009130A00167a		Abishek Harihar		CC_BY_NC_4_0					2026-08-12T22:41:00.590Z	StillImage	GEODETIC_DATUM_ASSUMED_WGS84
1020587252	e61455a4-352d-4c55-83ea-dbca254e3b29	CTP050612009284A00289a	Animalia	Chordata	Mammalia	Carnivora	Felidae	Panthera	Panthera tigris	tigris	SUBSPECIES	Panthera tigris tigris (Linnaeus, 1758)	Panthera tigris tigris (Linnaeus, 1758)		IN	Chilla range	Uttarakhand	PRESENT		4a19e429-8f13-478e-86d7-93adb7534524	29.9414	78.2474		0.01667					2009-12-28	28	12	2009	5K5M9	4CGXS	MACHINE_OBSERVATION	WII		CTP050612009284A00289a		Abishek Harihar		CC_BY_NC_4_0					2026-08-12T22:41:00.587Z	StillImage	GEODETIC_DATUM_ASSUMED_WGS84
1020587251	e61455a4-352d-4c55-83ea-dbca254e3b29	CTP050612011262A01292a	Animalia	Chordata	Mammalia	Carnivora	Felidae	Panthera	Panthera tigris	tigris	SUBSPECIES	Panthera tigris tigris (Linnaeus, 1758)	Panthera tigris tigris (Linnaeus, 1758)		IN	Dehradun	Uttarakhand	PRESENT		4a19e429-8f13-478e-86d7-93adb7534524	29.9341	78.2912		0.01667					2011-12-21	21	12	2011	5K5M9	4CGXS	MACHINE_OBSERVATION	WII		CTP050612011262A01292a		Abishek Harihar		CC_BY_NC_4_0					2026-08-12T22:41:00.580Z	StillImage	GEODETIC_DATUM_ASSUMED_WGS84;IDENTIFIED_DATE_INVALID
1020587250	e61455a4-352d-4c55-83ea-dbca254e3b29	CTP050612009333A00744a	Animalia	Chordata	Mammalia	Carnivora	Felidae	Panthera	Panthera tigris	tigris	SUBSPECIES	Panthera tigris tigris (Linnaeus, 1758)	Panthera tigris tigris (Linnaeus, 1758)		IN		Uttarakhand	PRESENT		4a19e429-8f13-478e-86d7-93adb7534524	29.9566	78.2835		0.01667									5K5M9	4CGXS	MACHINE_OBSERVATION	WII		CTP050612009333A00744a		Abishek Harihar		CC_BY_NC_4_0					2026-08-12T22:41:00.547Z	StillImage	GEODETIC_DATUM_ASSUMED_WGS84;RECORDED_DATE_MISMATCH
1020587249	e61455a4-352d-4c55-83ea-dbca254e3b29	CTP050612011180B00465a	Animalia	Chordata	Mammalia	Carnivora	Felidae	Panthera	Panthera tigris	tigris	SUBSPECIES	Panthera tigris tigris (Linnaeus, 1758)	Panthera tigris tigris (Linnaeus, 1758)		IN	Dehradun	Uttarakhand	PRESENT		4a19e429-8f13-478e-86d7-93adb7534524	29.8989	78.2766		0.01667					2011-12-15	15	12	2011	5K5M9	4CGXS	MACHINE_OBSERVATION	WII		CTP050612011180B00465a		Abishek Harihar		CC_BY_NC_4_0					2026-08-12T22:41:00.545Z	StillImage	GEODETIC_DATUM_ASSUMED_WGS84;IDENTIFIED_DATE_INVALID
1020587248	e61455a4-352d-4c55-83ea-dbca254e3b29	CTP050612009182A00095a	Animalia	Chordata	Mammalia	Carnivora	Felidae	Panthera	Panthera tigris	tigris	SUBSPECIES	Panthera tigris tigris (Linnaeus, 1758)	Panthera tigris tigris (Linnaeus, 1758)		IN	Chilla range	Uttarakhand	PRESENT		4a19e429-8f13-478e-86d7-93adb7534524	29.9034	78.2697		0.01667					2009-11-21	21	11	2009	5K5M9	4CGXS	MACHINE_OBSERVATION	WII		CTP050612009182A00095a		Abishek Harihar		CC_BY_NC_4_0					2026-08-12T22:41:00.542Z	StillImage	GEODETIC_DATUM_ASSUMED_WGS84
1020587247	e61455a4-352d-4c55-83ea-dbca254e3b29	CTP050612011231B00817a	Animalia	Chordata	Mammalia	Carnivora	Felidae	Panthera	Panthera tigris	tigris	SUBSPECIES	Panthera tigris tigris (Linnaeus, 1758)	Panthera tigris tigris (Linnaeus, 1758)		IN		Uttarakhand	PRESENT		4a19e429-8f13-478e-86d7-93adb7534524	29.9251	78.2768		0.01667					2011-02-24	24	2	2011	5K5M9	4CGXS	MACHINE_OBSERVATION	WII		CTP050612011231B00817a		Abishek Harihar		CC_BY_NC_4_0					2026-08-12T22:41:00.539Z	StillImage	GEODETIC_DATUM_ASSUMED_WGS84;IDENTIFIED_DATE_INVALID
1020587246	e61455a4-352d-4c55-83ea-dbca254e3b29	CTP050612011072A00312a	Animalia	Chordata	Mammalia	Carnivora	Felidae	Panthera	Panthera tigris	tigris	SUBSPECIES	Panthera tigris tigris (Linnaeus, 1758)	Panthera tigris tigris (Linnaeus, 1758)		IN	Dehradun	Uttarakhand	PRESENT		4a19e429-8f13-478e-86d7-93adb7534524	29.8703	78.3211		0.01667					2011-12-19	19	12	2011	5K5M9	4CGXS	MACHINE_OBSERVATION	WII		CTP050612011072A00312a		Abishek Harihar		CC_BY_NC_4_0					2026-08-12T22:41:00.536Z	StillImage	GEODETIC_DATUM_ASSUMED_WGS84;IDENTIFIED_DATE_INVALID
1020587245	e61455a4-352d-4c55-83ea-dbca254e3b29	CTP050612011171A00687a	Animalia	Chordata	Mammalia	Carnivora	Felidae	Panthera	Panthera tigris	tigris	SUBSPECIES	Panthera tigris tigris (Linnaeus, 1758)	Panthera tigris tigris (Linnaeus, 1758)		IN	Dehradun	Uttarakhand	PRESENT		4a19e429-8f13-478e-86d7-93adb7534524	29.9079	78.2878		0.01667					2011-02-22	22	2	2011	5K5M9	4CGXS	MACHINE_OBSERVATION	WII		CTP050612011171A00687a		Abishek Harihar		CC_BY_NC_4_0					2026-08-12T22:41:00.515Z	StillImage	GEODETIC_DATUM_ASSUMED_WGS84;IDENTIFIED_DATE_INVALID
1020587244	e61455a4-352d-4c55-83ea-dbca254e3b29	CTP050612011177A00116a	Animalia	Chordata	Mammalia	Carnivora	Felidae	Panthera	Panthera tigris	tigris	SUBSPECIES	Panthera tigris tigris (Linnaeus, 1758)	Panthera tigris tigris (Linnaeus, 1758)		IN	Dehradun	Uttarakhand	PRESENT		4a19e429-8f13-478e-86d7-93adb7534524	29.8976	78.3003		0.01667					2011-12-11	11	12	2011	5K5M9	4CGXS	MACHINE_OBSERVATION	WII		CTP050612011177A00116a		Abishek Harihar		CC_BY_NC_4_0					2026-08-12T22:41:00.513Z	StillImage	GEODETIC_DATUM_ASSUMED_WGS84;RECORDED_DATE_INVALID;IDENTIFIED_DATE_INVALID
1020587243	e61455a4-352d-4c55-83ea-dbca254e3b29	CTP050612009420A00101a	Animalia	Chordata	Mammalia	Carnivora	Felidae	Panthera	Panthera tigris	tigris	SUBSPECIES	Panthera tigris tigris (Linnaeus, 1758)	Panthera tigris tigris (Linnaeus, 1758)		IN	Chilla range	Uttarakhand	PRESENT		4a19e429-8f13-478e-86d7-93adb7534524	29.9702	78.2304		0.01667					2009-12-13	13	12	2009	5K5M9	4CGXS	MACHINE_OBSERVATION	WII		CTP050612009420A00101a		Abishek Harihar		CC_BY_NC_4_0					2026-08-12T22:41:00.509Z	StillImage	GEODETIC_DATUM_ASSUMED_WGS84
1020587242	e61455a4-352d-4c55-83ea-dbca254e3b29	CTP050612009171A00110a	Animalia	Chordata	Mammalia	Carnivora	Felidae	Panthera	Panthera tigris	tigris	SUBSPECIES	Panthera tigris tigris (Linnaeus, 1758)	Panthera tigris tigris (Linnaeus, 1758)		IN		Uttarakhand	PRESENT		4a19e429-8f13-478e-86d7-93adb7534524	29.9079	78.2878		0.01667									5K5M9	4CGXS	MACHINE_OBSERVATION	WII		CTP050612009171A00110a		Abishek Harihar		CC_BY_NC_4_0					2026-08-12T22:41:00.506Z	StillImage	GEODETIC_DATUM_ASSUMED_WGS84;RECORDED_DATE_MISMATCH
1020587241	e61455a4-352d-4c55-83ea-dbca254e3b29	CTP050612009073A00084a	Animalia	Chordata	Mammalia	Carnivora	Felidae	Panthera	Panthera tigris	tigris	SUBSPECIES	Panthera tigris tigris (Linnaeus, 1758)	Panthera tigris tigris (Linnaeus, 1758)		IN	Chilla range	Uttarakhand	PRESENT		4a19e429-8f13-478e-86d7-93adb7534524	29.8755	78.3104		0.01667					2009-11-06	6	11	2009	5K5M9	4CGXS	MACHINE_OBSERVATION	WII		CTP050612009073A00084a		Abishek Harihar		CC_BY_NC_4_0					2026-08-12T22:41:00.504Z	StillImage	GEODETIC_DATUM_ASSUMED_WGS84;RECORDED_DATE_INVALID
1020587240	e61455a4-352d-4c55-83ea-dbca254e3b29	CTP050612009072A00033a	Animalia	Chordata	Mammalia	Carnivora	Felidae	Panthera	Panthera tigris	tigris	SUBSPECIES	Panthera tigris tigris (Linnaeus, 1758)	Panthera tigris tigris (Linnaeus, 1758)		IN	Chilla range	Uttarakhand	PRESENT		4a19e429-8f13-478e-86d7-93adb7534524	29.8703	78.321		0.01667					2009-10-25	25	10	2009	5K5M9	4CGXS	MACHINE_OBSERVATION	WII		CTP050612009072A00033a		Abishek Harihar		CC_BY_NC_4_0					2026-08-12T22:41:00.500Z	StillImage	GEODETIC_DATUM_ASSUMED_WGS84
1020587239	e61455a4-352d-4c55-83ea-dbca254e3b29	CTP050612009110A00058a	Animalia	Chordata	Mammalia	Carnivora	Felidae	Panthera	Panthera tigris	tigris	SUBSPECIES	Panthera tigris tigris (Linnaeus, 1758)	Panthera tigris tigris (Linnaeus, 1758)		IN	Chilla range	Uttarakhand	PRESENT		4a19e429-8f13-478e-86d7-93adb7534524	29.8866	78.3126		0.01667					2009-11-06	6	11	2009	5K5M9	4CGXS	MACHINE_OBSERVATION	WII		CTP050612009110A00058a		Abishek Harihar		CC_BY_NC_4_0					2026-08-12T22:41:00.498Z	StillImage	GEODETIC_DATUM_ASSUMED_WGS84;RECORDED_DATE_INVALID
1020587238	e61455a4-352d-4c55-83ea-dbca254e3b29	CTP050612008273A00075a	Animalia	Chordata	Mammalia	Carnivora	Felidae	Panthera	Panthera tigris	tigris	SUBSPECIES	Panthera tigris tigris (Linnaeus, 1758)	Panthera tigris tigris (Linnaeus, 1758)		IN		Uttarakhand	PRESENT		4a19e429-8f13-478e-86d7-93adb7534524	29.9446	78.2822		0.01667					2006-02-01	1	2	2006	5K5M9	4CGXS	MACHINE_OBSERVATION	WII		CTP050612008273A00075a		Abishek Harihar, Bivash Pandav		CC_BY_NC_4_0					2026-08-12T22:41:00.495Z	StillImage	GEODETIC_DATUM_ASSUMED_WGS84;RECORDED_DATE_INVALID;IDENTIFIED_DATE_INVALID
1020587237	e61455a4-352d-4c55-83ea-dbca254e3b29	CTP050612009422A00408a	Animalia	Chordata	Mammalia	Carnivora	Felidae	Panthera	Panthera tigris	tigris	SUBSPECIES	Panthera tigris tigris (Linnaeus, 1758)	Panthera tigris tigris (Linnaeus, 1758)		IN	Chilla range	Uttarakhand	PRESENT		4a19e429-8f13-478e-86d7-93adb7534524	29.9807	78.2326		0.01667					2009-12-27	27	12	2009	5K5M9	4CGXS	MACHINE_OBSERVATION	WII		CTP050612009422A00408a		Abishek Harihar		CC_BY_NC_4_0					2026-08-12T22:41:00.491Z	StillImage	GEODETIC_DATUM_ASSUMED_WGS84
1020587236	e61455a4-352d-4c55-83ea-dbca254e3b29	CTP050612011231A00836a	Animalia	Chordata	Mammalia	Carnivora	Felidae	Panthera	Panthera tigris	tigris	SUBSPECIES	Panthera tigris tigris (Linnaeus, 1758)	Panthera tigris tigris (Linnaeus, 1758)		IN		Uttarakhand	PRESENT		4a19e429-8f13-478e-86d7-93adb7534524	29.9251	78.2768		0.01667					2011-02-24	24	2	2011	5K5M9	4CGXS	MACHINE_OBSERVATION	WII		CTP050612011231A00836a		Abishek Harihar		CC_BY_NC_4_0					2026-08-12T22:41:00.464Z	StillImage	GEODETIC_DATUM_ASSUMED_WGS84;IDENTIFIED_DATE_INVALID
1020587235	e61455a4-352d-4c55-83ea-dbca254e3b29	CTP050612009262A00020a	Animalia	Chordata	Mammalia	Carnivora	Felidae	Panthera	Panthera tigris	tigris	SUBSPECIES	Panthera tigris tigris (Linnaeus, 1758)	Panthera tigris tigris (Linnaeus, 1758)		IN	Chilla range	Uttarakhand	PRESENT		4a19e429-8f13-478e-86d7-93adb7534524	29.9341	78.2912		0.01667					2009-11-12	12	11	2009	5K5M9	4CGXS	MACHINE_OBSERVATION	WII		CTP050612009262A00020a		Abishek Harihar		CC_BY_NC_4_0					2026-08-12T22:41:00.462Z	StillImage	GEODETIC_DATUM_ASSUMED_WGS84;RECORDED_DATE_INVALID
1020587234	e61455a4-352d-4c55-83ea-dbca254e3b29	CTP050612008267A00033a	Animalia	Chordata	Mammalia	Carnivora	Felidae	Panthera	Panthera tigris	tigris	SUBSPECIES	Panthera tigris tigris (Linnaeus, 1758)	Panthera tigris tigris (Linnaeus, 1758)		IN		Uttarakhand	PRESENT		4a19e429-8f13-478e-86d7-93adb7534524	29.9491	78.2942		0.01667					2006-01-11	11	1	2006	5K5M9	4CGXS	MACHINE_OBSERVATION	WII		CTP050612008267A00033a		Abishek Harihar, Bivash Pandav		CC_BY_NC_4_0					2026-08-12T22:41:00.459Z	StillImage	GEODETIC_DATUM_ASSUMED_WGS84;RECORDED_DATE_INVALID;IDENTIFIED_DATE_INVALID
1020587233	e61455a4-352d-4c55-83ea-dbca254e3b29	CTP050612008324A00176a	Animalia	Chordata	Mammalia	Carnivora	Felidae	Panthera	Panthera tigris	tigris	SUBSPECIES	Panthera tigris tigris (Linnaeus, 1758)	Panthera tigris tigris (Linnaeus, 1758)		IN		Uttarakhand	PRESENT		4a19e429-8f13-478e-86d7-93adb7534524	29.9553	78.2879		0.01667									5K5M9	4CGXS	MACHINE_OBSERVATION	WII		CTP050612008324A00176a		Abishek Harihar, Bivash Pandav		CC_BY_NC_4_0					2026-08-12T22:41:00.457Z	StillImage	GEODETIC_DATUM_ASSUMED_WGS84;RECORDED_DATE_MISMATCH;IDENTIFIED_DATE_INVALID
1020587232	e61455a4-352d-4c55-83ea-dbca254e3b29	CTP050612009364A00031a	Animalia	Chordata	Mammalia	Carnivora	Felidae	Panthera	Panthera tigris	tigris	SUBSPECIES	Panthera tigris tigris (Linnaeus, 1758)	Panthera tigris tigris (Linnaeus, 1758)		IN	Chilla range	Uttarakhand	PRESENT		4a19e429-8f13-478e-86d7-93adb7534524	29.9555	78.2151		0.01667					2009-12-04	4	12	2009	5K5M9	4CGXS	MACHINE_OBSERVATION	WII		CTP050612009364A00031a		Abishek Harihar		CC_BY_NC_4_0					2026-08-12T22:41:00.455Z	StillImage	GEODETIC_DATUM_ASSUMED_WGS84;RECORDED_DATE_INVALID
1020587231	e61455a4-352d-4c55-83ea-dbca254e3b29	CTP050612009471A00114a	Animalia	Chordata	Mammalia	Carnivora	Felidae	Panthera	Panthera tigris	tigris	SUBSPECIES	Panthera tigris tigris (Linnaeus, 1758)	Panthera tigris tigris (Linnaeus, 1758)		IN	Chilla range	Uttarakhand	PRESENT		4a19e429-8f13-478e-86d7-93adb7534524	30.0006	78.2446		0.01667					2009-12-18	18	12	2009	5K5M9	4CGXS	MACHINE_OBSERVATION	WII		CTP050612009471A00114a		Abishek Harihar		CC_BY_NC_4_0					2026-08-12T22:41:00.451Z	StillImage	GEODETIC_DATUM_ASSUMED_WGS84
1020587230	e61455a4-352d-4c55-83ea-dbca254e3b29	CTP050612009321A00110a	Animalia	Chordata	Mammalia	Carnivora	Felidae	Panthera	Panthera tigris	tigris	SUBSPECIES	Panthera tigris tigris (Linnaeus, 1758)	Panthera tigris tigris (Linnaeus, 1758)		IN	Chilla range	Uttarakhand	PRESENT		4a19e429-8f13-478e-86d7-93adb7534524	29.9555	78.2962		0.01667					2009-11-13	13	11	2009	5K5M9	4CGXS	MACHINE_OBSERVATION	WII		CTP050612009321A00110a		Abishek Harihar		CC_BY_NC_4_0					2026-08-12T22:41:00.437Z	StillImage	GEODETIC_DATUM_ASSUMED_WGS84
1020587229	e61455a4-352d-4c55-83ea-dbca254e3b29	CTP050612011180B00565a	Animalia	Chordata	Mammalia	Carnivora	Felidae	Panthera	Panthera tigris	tigris	SUBSPECIES	Panthera tigris tigris (Linnaeus, 1758)	Panthera tigris tigris (Linnaeus, 1758)		IN	Dehradun	Uttarakhand	PRESENT		4a19e429-8f13-478e-86d7-93adb7534524	29.8989	78.2766		0.01667					2011-12-17	17	12	2011	5K5M9	4CGXS	MACHINE_OBSERVATION	WII		CTP050612011180B00565a		Abishek Harihar		CC_BY_NC_4_0					2026-08-12T22:41:00.435Z	StillImage	GEODETIC_DATUM_ASSUMED_WGS84;IDENTIFIED_DATE_INVALID
1020587228	e61455a4-352d-4c55-83ea-dbca254e3b29	CTP050612009072A00105a	Animalia	Chordata	Mammalia	Carnivora	Felidae	Panthera	Panthera tigris	tigris	SUBSPECIES	Panthera tigris tigris (Linnaeus, 1758)	Panthera tigris tigris (Linnaeus, 1758)		IN	Chilla range	Uttarakhand	PRESENT		4a19e429-8f13-478e-86d7-93adb7534524	29.8703	78.321		0.01667					2009-11-04	4	11	2009	5K5M9	4CGXS	MACHINE_OBSERVATION	WII		CTP050612009072A00105a		Abishek Harihar		CC_BY_NC_4_0					2026-08-12T22:41:00.433Z	StillImage	GEODETIC_DATUM_ASSUMED_WGS84;RECORDED_DATE_INVALID
1020587227	e61455a4-352d-4c55-83ea-dbca254e3b29	CTP050612008324A00023a	Animalia	Chordata	Mammalia	Carnivora	Felidae	Panthera	Panthera tigris	tigris	SUBSPECIES	Panthera tigris tigris (Linnaeus, 1758)	Panthera tigris tigris (Linnaeus, 1758)		IN		Uttarakhand	PRESENT		4a19e429-8f13-478e-86d7-93adb7534524	29.9553	78.2879		0.01667					2006-01-11	11	1	2006	5K5M9	4CGXS	MACHINE_OBSERVATION	WII		CTP050612008324A00023a		Abishek Harihar, Bivash Pandav		CC_BY_NC_4_0					2026-08-12T22:41:00.430Z	StillImage	GEODETIC_DATUM_ASSUMED_WGS84;RECORDED_DATE_INVALID;IDENTIFIED_DATE_INVALID
1020587226	e61455a4-352d-4c55-83ea-dbca254e3b29	CTP050612009030A00167a	Animalia	Chordata	Mammalia	Carnivora	Felidae	Panthera	Panthera tigris	tigris	SUBSPECIES	Panthera tigris tigris (Linnaeus, 1758)	Panthera tigris tigris (Linnaeus, 1758)		IN	Chilla range	Uttarakhand	PRESENT		4a19e429-8f13-478e-86d7-93adb7534524	29.8578	78.324		0.01667					2009-10-28	28	10	2009	5K5M9	4CGXS	MACHINE_OBSERVATION	WII		CTP050612009030A00167a		Abishek Harihar		CC_BY_NC_4_0					2026-08-12T22:41:00.428Z	StillImage	GEODETIC_DATUM_ASSUMED_WGS84
1020587225	e61455a4-352d-4c55-83ea-dbca254e3b29	CTP050612008333A00051a	Animalia	Chordata	Mammalia	Carnivora	Felidae	Panthera	Panthera tigris	tigris	SUBSPECIES	Panthera tigris tigris (Linnaeus, 1758)	Panthera tigris tigris (Linnaeus, 1758)		IN		Uttarakhand	PRESENT		4a19e429-8f13-478e-86d7-93adb7534524	29.9566	78.283		0.01667					2005-01-07	7	1	2005	5K5M9	4CGXS	MACHINE_OBSERVATION	WII		CTP050612008333A00051a		Abishek Harihar, Bivash Pandav		CC_BY_NC_4_0					2026-08-12T22:41:00.425Z	StillImage	GEODETIC_DATUM_ASSUMED_WGS84;RECORDED_DATE_INVALID;IDENTIFIED_DATE_INVALID
1020587224	e61455a4-352d-4c55-83ea-dbca254e3b29	CTP050612009110A00113a	Animalia	Chordata	Mammalia	Carnivora	Felidae	Panthera	Panthera tigris	tigris	SUBSPECIES	Panthera tigris tigris (Linnaeus, 1758)	Panthera tigris tigris (Linnaeus, 1758)		IN	Chilla range	Uttarakhand	PRESENT		4a19e429-8f13-478e-86d7-93adb7534524	29.8866	78.3126		0.01667					2009-11-07	7	11	2009	5K5M9	4CGXS	MACHINE_OBSERVATION	WII		CTP050612009110A00113a		Abishek Harihar		CC_BY_NC_4_0					2026-08-12T22:41:00.422Z	StillImage	GEODETIC_DATUM_ASSUMED_WGS84;RECORDED_DATE_INVALID
1020587223	e61455a4-352d-4c55-83ea-dbca254e3b29	CTP050612011061A00277a	Animalia	Chordata	Mammalia	Carnivora	Felidae	Panthera	Panthera tigris	tigris	SUBSPECIES	Panthera tigris tigris (Linnaeus, 1758)	Panthera tigris tigris (Linnaeus, 1758)		IN		Uttarakhand	PRESENT		4a19e429-8f13-478e-86d7-93adb7534524	29.8641	78.3438		0.01667					2011-02-24	24	2	2011	5K5M9	4CGXS	MACHINE_OBSERVATION	WII		CTP050612011061A00277a		Abishek Harihar		CC_BY_NC_4_0					2026-08-12T22:41:00.420Z	StillImage	GEODETIC_DATUM_ASSUMED_WGS84;IDENTIFIED_DATE_INVALID
1020587222	e61455a4-352d-4c55-83ea-dbca254e3b29	CTP050612009333A00075a	Animalia	Chordata	Mammalia	Carnivora	Felidae	Panthera	Panthera tigris	tigris	SUBSPECIES	Panthera tigris tigris (Linnaeus, 1758)	Panthera tigris tigris (Linnaeus, 1758)		IN	Chilla range	Uttarakhand	PRESENT		4a19e429-8f13-478e-86d7-93adb7534524	29.9566	78.283		0.01667					2009-11-20	20	11	2009	5K5M9	4CGXS	MACHINE_OBSERVATION	WII		CTP050612009333A00075a		Abishek Harihar		CC_BY_NC_4_0					2026-08-12T22:41:00.417Z	StillImage	GEODETIC_DATUM_ASSUMED_WGS84
1020587221	e61455a4-352d-4c55-83ea-dbca254e3b29	CTP050612009342A00206a	Animalia	Chordata	Mammalia	Carnivora	Felidae	Panthera	Panthera tigris	tigris	SUBSPECIES	Panthera tigris tigris (Linnaeus, 1758)	Panthera tigris tigris (Linnaeus, 1758)		IN		Uttarakhand	PRESENT		4a19e429-8f13-478e-86d7-93adb7534524	29.9501	78.2498		0.01667									5K5M9	4CGXS	MACHINE_OBSERVATION	WII		CTP050612009342A00206a		Abishek Harihar		CC_BY_NC_4_0					2026-08-12T22:41:00.415Z	StillImage	GEODETIC_DATUM_ASSUMED_WGS84;RECORDED_DATE_MISMATCH
1020587220	e61455a4-352d-4c55-83ea-dbca254e3b29	CTP050612009110A00020a	Animalia	Chordata	Mammalia	Carnivora	Felidae	Panthera	Panthera tigris	tigris	SUBSPECIES	Panthera tigris tigris (Linnaeus, 1758)	Panthera tigris tigris (Linnaeus, 1758)		IN	Chilla range	Uttarakhand	PRESENT		4a19e429-8f13-478e-86d7-93adb7534524	29.8866	78.3126		0.01667					2009-10-26	26	10	2009	5K5M9	4CGXS	MACHINE_OBSERVATION	WII		CTP050612009110A00020a		Abishek Harihar		CC_BY_NC_4_0					2026-08-12T22:41:00.413Z	StillImage	GEODETIC_DATUM_ASSUMED_WGS84
1020587219	e61455a4-352d-4c55-83ea-dbca254e3b29	CTP050612009342A00271a	Animalia	Chordata	Mammalia	Carnivora	Felidae	Panthera	Panthera tigris	tigris	SUBSPECIES	Panthera tigris tigris (Linnaeus, 1758)	Panthera tigris tigris (Linnaeus, 1758)		IN		Uttarakhand	PRESENT		4a19e429-8f13-478e-86d7-93adb7534524	29.9501	78.2498		0.01667									5K5M9	4CGXS	MACHINE_OBSERVATION	WII		CTP050612009342A00271a		Abishek Harihar		CC_BY_NC_4_0					2026-08-12T22:41:00.409Z	StillImage	GEODETIC_DATUM_ASSUMED_WGS84;RECORDED_DATE_MISMATCH
1020587218	e61455a4-352d-4c55-83ea-dbca254e3b29	CTP050612009260A00048a	Animalia	Chordata	Mammalia	Carnivora	Felidae	Panthera	Panthera tigris	tigris	SUBSPECIES	Panthera tigris tigris (Linnaeus, 1758)	Panthera tigris tigris (Linnaeus, 1758)		IN		Uttarakhand	PRESENT		4a19e429-8f13-478e-86d7-93adb7534524	29.9314	78.2989		0.01667					2006-02-09	9	2	2006	5K5M9	4CGXS	MACHINE_OBSERVATION	WII		CTP050612009260A00048a		Abishek Harihar		CC_BY_NC_4_0					2026-08-12T22:41:00.403Z	StillImage	GEODETIC_DATUM_ASSUMED_WGS84;RECORDED_DATE_INVALID
1020587217	e61455a4-352d-4c55-83ea-dbca254e3b29	CTP050612009235A00030a	Animalia	Chordata	Mammalia	Carnivora	Felidae	Panthera	Panthera tigris	tigris	SUBSPECIES	Panthera tigris tigris (Linnaeus, 1758)	Panthera tigris tigris (Linnaeus, 1758)		IN	Chilla range	Uttarakhand	PRESENT		4a19e429-8f13-478e-86d7-93adb7534524	29.9188	78.274		0.01667					2009-11-12	12	11	2009	5K5M9	4CGXS	MACHINE_OBSERVATION	WII		CTP050612009235A00030a		Abishek Harihar		CC_BY_NC_4_0					2026-08-12T22:41:00.386Z	StillImage	GEODETIC_DATUM_ASSUMED_WGS84;RECORDED_DATE_INVALID
1020587216	e61455a4-352d-4c55-83ea-dbca254e3b29	CTP050612008324A00018a	Animalia	Chordata	Mammalia	Carnivora	Felidae	Panthera	Panthera tigris	tigris	SUBSPECIES	Panthera tigris tigris (Linnaeus, 1758)	Panthera tigris tigris (Linnaeus, 1758)		IN		Uttarakhand	PRESENT		4a19e429-8f13-478e-86d7-93adb7534524	29.9553	78.2879		0.01667					2006-01-11	11	1	2006	5K5M9	4CGXS	MACHINE_OBSERVATION	WII		CTP050612008324A00018a		Abishek Harihar, Bivash Pandav		CC_BY_NC_4_0					2026-08-12T22:41:00.383Z	StillImage	GEODETIC_DATUM_ASSUMED_WGS84;RECORDED_DATE_INVALID;IDENTIFIED_DATE_INVALID
1020587215	e61455a4-352d-4c55-83ea-dbca254e3b29	CTP050612008321A00065a	Animalia	Chordata	Mammalia	Carnivora	Felidae	Panthera	Panthera tigris	tigris	SUBSPECIES	Panthera tigris tigris (Linnaeus, 1758)	Panthera tigris tigris (Linnaeus, 1758)		IN		Uttarakhand	PRESENT		4a19e429-8f13-478e-86d7-93adb7534524	29.9555	78.2962		0.01667					2006-01-11	11	1	2006	5K5M9	4CGXS	MACHINE_OBSERVATION	WII		CTP050612008321A00065a		Abishek Harihar, Bivash Pandav		CC_BY_NC_4_0					2026-08-12T22:41:00.379Z	StillImage	GEODETIC_DATUM_ASSUMED_WGS84;RECORDED_DATE_INVALID;IDENTIFIED_DATE_INVALID
1020587214	e61455a4-352d-4c55-83ea-dbca254e3b29	CTP050612011110A00369a	Animalia	Chordata	Mammalia	Carnivora	Felidae	Panthera	Panthera tigris	tigris	SUBSPECIES	Panthera tigris tigris (Linnaeus, 1758)	Panthera tigris tigris (Linnaeus, 1758)		IN	Dehradun	Uttarakhand	PRESENT		4a19e429-8f13-478e-86d7-93adb7534524	29.8866	78.3126		0.01667					2011-02-23	23	2	2011	5K5M9	4CGXS	MACHINE_OBSERVATION	WII		CTP050612011110A00369a		Abishek Harihar		CC_BY_NC_4_0					2026-08-12T22:41:00.374Z	StillImage	GEODETIC_DATUM_ASSUMED_WGS84;IDENTIFIED_DATE_INVALID
1020587213	e61455a4-352d-4c55-83ea-dbca254e3b29	CTP050612008321A00034a	Animalia	Chordata	Mammalia	Carnivora	Felidae	Panthera	Panthera tigris	tigris	SUBSPECIES	Panthera tigris tigris (Linnaeus, 1758)	Panthera tigris tigris (Linnaeus, 1758)		IN		Uttarakhand	PRESENT		4a19e429-8f13-478e-86d7-93adb7534524	29.9555	78.2962		0.01667					2006-01-11	11	1	2006	5K5M9	4CGXS	MACHINE_OBSERVATION	WII		CTP050612008321A00034a		Abishek Harihar, Bivash Pandav		CC_BY_NC_4_0					2026-08-12T22:41:00.360Z	StillImage	GEODETIC_DATUM_ASSUMED_WGS84;RECORDED_DATE_INVALID;IDENTIFIED_DATE_INVALID
1020587212	e61455a4-352d-4c55-83ea-dbca254e3b29	CTP050612008324A00035a	Animalia	Chordata	Mammalia	Carnivora	Felidae	Panthera	Panthera tigris	tigris	SUBSPECIES	Panthera tigris tigris (Linnaeus, 1758)	Panthera tigris tigris (Linnaeus, 1758)		IN		Uttarakhand	PRESENT		4a19e429-8f13-478e-86d7-93adb7534524	29.9553	78.2879		0.01667					2006-01-12	12	1	2006	5K5M9	4CGXS	MACHINE_OBSERVATION	WII		CTP050612008324A00035a		Abishek Harihar, Bivash Pandav		CC_BY_NC_4_0					2026-08-12T22:41:00.357Z	StillImage	GEODETIC_DATUM_ASSUMED_WGS84;RECORDED_DATE_INVALID;IDENTIFIED_DATE_INVALID
1020587211	e61455a4-352d-4c55-83ea-dbca254e3b29	CTP050612007211A00152a	Animalia	Chordata	Mammalia	Carnivora	Felidae	Panthera	Panthera tigris	tigris	SUBSPECIES	Panthera tigris tigris (Linnaeus, 1758)	Panthera tigris tigris (Linnaeus, 1758)		IN	East Rajaji National Park	Uttarakhand	PRESENT		4a19e429-8f13-478e-86d7-93adb7534524	29.9308	78.3095		0.01667					2007-05-06	6	5	2007	5K5M9	4CGXS	MACHINE_OBSERVATION	WII		CTP050612007211A00152a		Abishek Harihar, Bivash Pandav		CC_BY_NC_4_0					2026-08-12T22:41:00.354Z	StillImage	GEODETIC_DATUM_ASSUMED_WGS84;RECORDED_DATE_INVALID;IDENTIFIED_DATE_INVALID
1020587210	e61455a4-352d-4c55-83ea-dbca254e3b29	CTP050612007272A00017a	Animalia	Chordata	Mammalia	Carnivora	Felidae	Panthera	Panthera tigris	tigris	SUBSPECIES	Panthera tigris tigris (Linnaeus, 1758)	Panthera tigris tigris (Linnaeus, 1758)		IN	Rajaji Minor	Uttarakhand	PRESENT		4a19e429-8f13-478e-86d7-93adb7534524	29.9435	78.2783		0.01667					2007-04-17	17	4	2007	5K5M9	4CGXS	MACHINE_OBSERVATION	WII		CTP050612007272A00017a		Abishek Harihar, Bivash Pandav		CC_BY_NC_4_0					2026-08-12T22:41:00.350Z	StillImage	GEODETIC_DATUM_ASSUMED_WGS84;IDENTIFIED_DATE_INVALID
1020587209	e61455a4-352d-4c55-83ea-dbca254e3b29	CTP050612008333A00043a	Animalia	Chordata	Mammalia	Carnivora	Felidae	Panthera	Panthera tigris	tigris	SUBSPECIES	Panthera tigris tigris (Linnaeus, 1758)	Panthera tigris tigris (Linnaeus, 1758)		IN		Uttarakhand	PRESENT		4a19e429-8f13-478e-86d7-93adb7534524	29.9566	78.283		0.01667					2005-01-06	6	1	2005	5K5M9	4CGXS	MACHINE_OBSERVATION	WII		CTP050612008333A00043a		Abishek Harihar, Bivash Pandav		CC_BY_NC_4_0					2026-08-12T22:41:00.347Z	StillImage	GEODETIC_DATUM_ASSUMED_WGS84;RECORDED_DATE_INVALID;IDENTIFIED_DATE_INVALID
1020587208	e61455a4-352d-4c55-83ea-dbca254e3b29	CTP050612007272A00420a	Animalia	Chordata	Mammalia	Carnivora	Felidae	Panthera	Panthera tigris	tigris	SUBSPECIES	Panthera tigris tigris (Linnaeus, 1758)	Panthera tigris tigris (Linnaeus, 1758)		IN	East Rajaji National Park	Uttarakhand	PRESENT		4a19e429-8f13-478e-86d7-93adb7534524	29.9435	78.2783		0.01667					2007-04-17	17	4	2007	5K5M9	4CGXS	MACHINE_OBSERVATION	WII		CTP050612007272A00420a		Abishek Harihar, Bivash Pandav		CC_BY_NC_4_0					2026-08-12T22:41:00.329Z	StillImage	GEODETIC_DATUM_ASSUMED_WGS84;IDENTIFIED_DATE_INVALID
1020587207	e61455a4-352d-4c55-83ea-dbca254e3b29	CTP050612007265A00014a	Animalia	Chordata	Mammalia	Carnivora	Felidae	Panthera	Panthera tigris	tigris	SUBSPECIES	Panthera tigris tigris (Linnaeus, 1758)	Panthera tigris tigris (Linnaeus, 1758)		IN	East Rajaji National Park	Uttarakhand	PRESENT		4a19e429-8f13-478e-86d7-93adb7534524	29.9488	78.2889		0.01667					2007-05-21	21	5	2007	5K5M9	4CGXS	MACHINE_OBSERVATION	WII		CTP050612007265A00014a		Abishek Harihar, Bivash Pandav		CC_BY_NC_4_0					2026-08-12T22:41:00.326Z	StillImage	GEODETIC_DATUM_ASSUMED_WGS84;IDENTIFIED_DATE_INVALID
1020587206	e61455a4-352d-4c55-83ea-dbca254e3b29	CTP050612009120A00015a	Animalia	Chordata	Mammalia	Carnivora	Felidae	Panthera	Panthera tigris	tigris	SUBSPECIES	Panthera tigris tigris (Linnaeus, 1758)	Panthera tigris tigris (Linnaeus, 1758)		IN	Chilla range	Uttarakhand	PRESENT		4a19e429-8f13-478e-86d7-93adb7534524	29.8862	78.3044		0.01667					2009-10-30	30	10	2009	5K5M9	4CGXS	MACHINE_OBSERVATION	WII		CTP050612009120A00015a		Abishek Harihar		CC_BY_NC_4_0					2026-08-12T22:41:00.323Z	StillImage	GEODETIC_DATUM_ASSUMED_WGS84
1020587205	e61455a4-352d-4c55-83ea-dbca254e3b29	CTP050612008321A00092a	Animalia	Chordata	Mammalia	Carnivora	Felidae	Panthera	Panthera tigris	tigris	SUBSPECIES	Panthera tigris tigris (Linnaeus, 1758)	Panthera tigris tigris (Linnaeus, 1758)		IN		Uttarakhand	PRESENT		4a19e429-8f13-478e-86d7-93adb7534524	29.9555	78.2962		0.01667									5K5M9	4CGXS	MACHINE_OBSERVATION	WII		CTP050612008321A00092a		Abishek Harihar, Bivash Pandav		CC_BY_NC_4_0					2026-08-12T22:41:00.307Z	StillImage	GEODETIC_DATUM_ASSUMED_WGS84;RECORDED_DATE_MISMATCH;IDENTIFIED_DATE_INVALID
1020587204	e61455a4-352d-4c55-83ea-dbca254e3b29	CTP050612009073A00086a	Animalia	Chordata	Mammalia	Carnivora	Felidae	Panthera	Panthera tigris	tigris	SUBSPECIES	Panthera tigris tigris (Linnaeus, 1758)	Panthera tigris tigris (Linnaeus, 1758)		IN	Chilla range	Uttarakhand	PRESENT		4a19e429-8f13-478e-86d7-93adb7534524	29.8755	78.3104		0.01667					2009-11-06	6	11	2009	5K5M9	4CGXS	MACHINE_OBSERVATION	WII		CTP050612009073A00086a		Abishek Harihar		CC_BY_NC_4_0					2026-08-12T22:41:00.304Z	StillImage	GEODETIC_DATUM_ASSUMED_WGS84;RECORDED_DATE_INVALID
1020587203	e61455a4-352d-4c55-83ea-dbca254e3b29	CTP050612008321A00071a	Animalia	Chordata	Mammalia	Carnivora	Felidae	Panthera	Panthera tigris	tigris	SUBSPECIES	Panthera tigris tigris (Linnaeus, 1758)	Panthera tigris tigris (Linnaeus, 1758)		IN		Uttarakhand	PRESENT		4a19e429-8f13-478e-86d7-93adb7534524	29.9555	78.2962		0.01667					2006-01-12	12	1	2006	5K5M9	4CGXS	MACHINE_OBSERVATION	WII		CTP050612008321A00071a		Abishek Harihar, Bivash Pandav		CC_BY_NC_4_0					2026-08-12T22:41:00.296Z	StillImage	GEODETIC_DATUM_ASSUMED_WGS84;RECORDED_DATE_INVALID;IDENTIFIED_DATE_INVALID
1020587202	e61455a4-352d-4c55-83ea-dbca254e3b29	CTP050612008324A00115a	Animalia	Chordata	Mammalia	Carnivora	Felidae	Panthera	Panthera tigris	tigris	SUBSPECIES	Panthera tigris tigris (Linnaeus, 1758)	Panthera tigris tigris (Linnaeus, 1758)		IN		Uttarakhand	PRESENT		4a19e429-8f13-478e-86d7-93adb7534524	29.9553	78.2879		0.01667									5K5M9	4CGXS	MACHINE_OBSERVATION	WII		CTP050612008324A00115a		Abishek Harihar, Bivash Pandav		CC_BY_NC_4_0					2026-08-12T22:41:00.293Z	StillImage	GEODETIC_DATUM_ASSUMED_WGS84;RECORDED_DATE_MISMATCH;IDENTIFIED_DATE_INVALID
1020587201	e61455a4-352d-4c55-83ea-dbca254e3b29	CTP050612008324A00081a	Animalia	Chordata	Mammalia	Carnivora	Felidae	Panthera	Panthera tigris	tigris	SUBSPECIES	Panthera tigris tigris (Linnaeus, 1758)	Panthera tigris tigris (Linnaeus, 1758)		IN		Uttarakhand	PRESENT		4a19e429-8f13-478e-86d7-93adb7534524	29.9553	78.2879		0.01667									5K5M9	4CGXS	MACHINE_OBSERVATION	WII		CTP050612008324A00081a		Abishek Harihar, Bivash Pandav		CC_BY_NC_4_0					2026-08-12T22:41:00.289Z	StillImage	GEODETIC_DATUM_ASSUMED_WGS84;RECORDED_DATE_MISMATCH;IDENTIFIED_DATE_INVALID
1020587200	e61455a4-352d-4c55-83ea-dbca254e3b29	CTP050612006530A00011a	Animalia	Chordata	Mammalia	Carnivora	Felidae	Panthera	Panthera tigris	tigris	SUBSPECIES	Panthera tigris tigris (Linnaeus, 1758)	Panthera tigris tigris (Linnaeus, 1758)		IN		Uttarakhand	PRESENT		4a19e429-8f13-478e-86d7-93adb7534524	30.0048	78.2498		0.01667					2006-04-07	7	4	2006	5K5M9	4CGXS	MACHINE_OBSERVATION	WII		CTP050612006530A00011a		Abishek Harihar, Bivash Pandav		CC_BY_NC_4_0					2026-08-12T22:41:00.284Z	StillImage	GEODETIC_DATUM_ASSUMED_WGS84;RECORDED_DATE_INVALID;IDENTIFIED_DATE_INVALID
1020587199	e61455a4-352d-4c55-83ea-dbca254e3b29	CTP050612009212A00023a	Animalia	Chordata	Mammalia	Carnivora	Felidae	Panthera	Panthera tigris	tigris	SUBSPECIES	Panthera tigris tigris (Linnaeus, 1758)	Panthera tigris tigris (Linnaeus, 1758)		IN	Chilla range	Uttarakhand	PRESENT		4a19e429-8f13-478e-86d7-93adb7534524	29.93	78.3062		0.01667					2009-11-12	12	11	2009	5K5M9	4CGXS	MACHINE_OBSERVATION	WII		CTP050612009212A00023a		Abishek Harihar		CC_BY_NC_4_0					2026-08-12T22:41:00.280Z	StillImage	GEODETIC_DATUM_ASSUMED_WGS84;RECORDED_DATE_INVALID
1020587198	e61455a4-352d-4c55-83ea-dbca254e3b29	CTP050612007333A00001a	Animalia	Chordata	Mammalia	Carnivora	Felidae	Panthera	Panthera tigris	tigris	SUBSPECIES	Panthera tigris tigris (Linnaeus, 1758)	Panthera tigris tigris (Linnaeus, 1758)		IN	Chilla range	Uttarakhand	PRESENT		4a19e429-8f13-478e-86d7-93adb7534524	29.9566	78.2835		0.01667					2007-04-25	25	4	2007	5K5M9	4CGXS	MACHINE_OBSERVATION	WII		CTP050612007333A00001a		Abishek Harihar, Bivash Pandav		CC_BY_NC_4_0					2026-08-12T22:41:00.268Z	StillImage	GEODETIC_DATUM_ASSUMED_WGS84;IDENTIFIED_DATE_INVALID
1020587197	e61455a4-352d-4c55-83ea-dbca254e3b29	CTP050612007272A00010a	Animalia	Chordata	Mammalia	Carnivora	Felidae	Panthera	Panthera tigris	tigris	SUBSPECIES	Panthera tigris tigris (Linnaeus, 1758)	Panthera tigris tigris (Linnaeus, 1758)		IN	East Rajaji National Park	Uttarakhand	PRESENT		4a19e429-8f13-478e-86d7-93adb7534524	29.9435	78.2783		0.01667					2007-04-17	17	4	2007	5K5M9	4CGXS	MACHINE_OBSERVATION	WII		CTP050612007272A00010a		Abishek Harihar, Bivash Pandav		CC_BY_NC_4_0					2026-08-12T22:41:00.265Z	StillImage	GEODETIC_DATUM_ASSUMED_WGS84;IDENTIFIED_DATE_INVALID
1020587196	e61455a4-352d-4c55-83ea-dbca254e3b29	CTP050612009262A00313a	Animalia	Chordata	Mammalia	Carnivora	Felidae	Panthera	Panthera tigris	tigris	SUBSPECIES	Panthera tigris tigris (Linnaeus, 1758)	Panthera tigris tigris (Linnaeus, 1758)		IN	Chilla range	Uttarakhand	PRESENT		4a19e429-8f13-478e-86d7-93adb7534524	29.9341	78.2912		0.01667					2009-11-21	21	11	2009	5K5M9	4CGXS	MACHINE_OBSERVATION	WII		CTP050612009262A00313a		Abishek Harihar		CC_BY_NC_4_0					2026-08-12T22:41:00.251Z	StillImage	GEODETIC_DATUM_ASSUMED_WGS84
1020587195	e61455a4-352d-4c55-83ea-dbca254e3b29	CTP050612009420A00102a	Animalia	Chordata	Mammalia	Carnivora	Felidae	Panthera	Panthera tigris	tigris	SUBSPECIES	Panthera tigris tigris (Linnaeus, 1758)	Panthera tigris tigris (Linnaeus, 1758)		IN	Chilla range	Uttarakhand	PRESENT		4a19e429-8f13-478e-86d7-93adb7534524	29.9702	78.2304		0.01667					2009-12-13	13	12	2009	5K5M9	4CGXS	MACHINE_OBSERVATION	WII		CTP050612009420A00102a		Abishek Harihar		CC_BY_NC_4_0					2026-08-12T22:41:00.222Z	StillImage	GEODETIC_DATUM_ASSUMED_WGS84
1020587194	e61455a4-352d-4c55-83ea-dbca254e3b29	CTP050612007265A00012a	Animalia	Chordata	Mammalia	Carnivora	Felidae	Panthera	Panthera tigris	tigris	SUBSPECIES	Panthera tigris tigris (Linnaeus, 1758)	Panthera tigris tigris (Linnaeus, 1758)		IN	East Rajaji National Park	Uttarakhand	PRESENT		4a19e429-8f13-478e-86d7-93adb7534524	29.9488	78.2889		0.01667					2007-05-21	21	5	2007	5K5M9	4CGXS	MACHINE_OBSERVATION	WII		CTP050612007265A00012a		Abishek Harihar, Bivash Pandav		CC_BY_NC_4_0					2026-08-12T22:41:00.180Z	StillImage	GEODETIC_DATUM_ASSUMED_WGS84;IDENTIFIED_DATE_INVALID
1020587193	e61455a4-352d-4c55-83ea-dbca254e3b29	CTP050612009333A00078a	Animalia	Chordata	Mammalia	Carnivora	Felidae	Panthera	Panthera tigris	tigris	SUBSPECIES	Panthera tigris tigris (Linnaeus, 1758)	Panthera tigris tigris (Linnaeus, 1758)		IN		Uttarakhand	PRESENT		4a19e429-8f13-478e-86d7-93adb7534524	29.9566	78.2835		0.01667									5K5M9	4CGXS	MACHINE_OBSERVATION	WII		CTP050612009333A00078a		Abishek Harihar		CC_BY_NC_4_0					2026-08-12T22:41:00.161Z	StillImage	GEODETIC_DATUM_ASSUMED_WGS84;RECORDED_DATE_MISMATCH
1020587192	e61455a4-352d-4c55-83ea-dbca254e3b29	CTP050612009030A00202a	Animalia	Chordata	Mammalia	Carnivora	Felidae	Panthera	Panthera tigris	tigris	SUBSPECIES	Panthera tigris tigris (Linnaeus, 1758)	Panthera tigris tigris (Linnaeus, 1758)		IN	Chilla range	Uttarakhand	PRESENT		4a19e429-8f13-478e-86d7-93adb7534524	29.8578	78.324		0.01667					2009-11-03	3	11	2009	5K5M9	4CGXS	MACHINE_OBSERVATION	WII		CTP050612009030A00202a		Abishek Harihar		CC_BY_NC_4_0					2026-08-12T22:41:00.147Z	StillImage	GEODETIC_DATUM_ASSUMED_WGS84;RECORDED_DATE_INVALID
1020587191	e61455a4-352d-4c55-83ea-dbca254e3b29	CTP050612009321A00104a	Animalia	Chordata	Mammalia	Carnivora	Felidae	Panthera	Panthera tigris	tigris	SUBSPECIES	Panthera tigris tigris (Linnaeus, 1758)	Panthera tigris tigris (Linnaeus, 1758)		IN		Uttarakhand	PRESENT		4a19e429-8f13-478e-86d7-93adb7534524	29.9555	78.2962		0.01667									5K5M9	4CGXS	MACHINE_OBSERVATION	WII		CTP050612009321A00104a		Abishek Harihar		CC_BY_NC_4_0					2026-08-12T22:41:00.116Z	StillImage	GEODETIC_DATUM_ASSUMED_WGS84;RECORDED_DATE_MISMATCH
1020587190	e61455a4-352d-4c55-83ea-dbca254e3b29	CTP050612006172A00044a	Animalia	Chordata	Mammalia	Carnivora	Felidae	Panthera	Panthera tigris	tigris	SUBSPECIES	Panthera tigris tigris (Linnaeus, 1758)	Panthera tigris tigris (Linnaeus, 1758)		IN		Uttarakhand	PRESENT		4a19e429-8f13-478e-86d7-93adb7534524	29.8999	78.3008		0.01667					2006-01-04	4	1	2006	5K5M9	4CGXS	MACHINE_OBSERVATION	WII		CTP050612006172A00044a		Abishek Harihar, Bivash Pandav		CC_BY_NC_4_0					2026-08-12T22:41:00.105Z	StillImage	GEODETIC_DATUM_ASSUMED_WGS84;RECORDED_DATE_INVALID;IDENTIFIED_DATE_INVALID
1020587189	e61455a4-352d-4c55-83ea-dbca254e3b29	CTP050612007211A00425a	Animalia	Chordata	Mammalia	Carnivora	Felidae	Panthera	Panthera tigris	tigris	SUBSPECIES	Panthera tigris tigris (Linnaeus, 1758)	Panthera tigris tigris (Linnaeus, 1758)		IN	East Rajaji National Park	Uttarakhand	PRESENT		4a19e429-8f13-478e-86d7-93adb7534524	29.9308	78.3095		0.01667					2007-05-13	13	5	2007	5K5M9	4CGXS	MACHINE_OBSERVATION	WII		CTP050612007211A00425a		Abishek Harihar, Bivash Pandav		CC_BY_NC_4_0					2026-08-12T22:41:00.100Z	StillImage	GEODETIC_DATUM_ASSUMED_WGS84;IDENTIFIED_DATE_INVALID
1020587188	e61455a4-352d-4c55-83ea-dbca254e3b29	CTP050612007211A00153a	Animalia	Chordata	Mammalia	Carnivora	Felidae	Panthera	Panthera tigris	tigris	SUBSPECIES	Panthera tigris tigris (Linnaeus, 1758)	Panthera tigris tigris (Linnaeus, 1758)		IN	East Rajaji National Park	Uttarakhand	PRESENT		4a19e429-8f13-478e-86d7-93adb7534524	29.9308	78.3095		0.01667					2007-05-06	6	5	2007	5K5M9	4CGXS	MACHINE_OBSERVATION	WII		CTP050612007211A00153a		Abishek Harihar, Bivash Pandav		CC_BY_NC_4_0					2026-08-12T22:41:00.097Z	StillImage	GEODETIC_DATUM_ASSUMED_WGS84;RECORDED_DATE_INVALID;IDENTIFIED_DATE_INVALID
1020587187	e61455a4-352d-4c55-83ea-dbca254e3b29	CTP050612007272A00421a	Animalia	Chordata	Mammalia	Carnivora	Felidae	Panthera	Panthera tigris	tigris	SUBSPECIES	Panthera tigris tigris (Linnaeus, 1758)	Panthera tigris tigris (Linnaeus, 1758)		IN	East Rajaji National Park	Uttarakhand	PRESENT		4a19e429-8f13-478e-86d7-93adb7534524	29.9435	78.2783		0.01667					2007-04-17	17	4	2007	5K5M9	4CGXS	MACHINE_OBSERVATION	WII		CTP050612007272A00421a		Abishek Harihar, Bivash Pandav		CC_BY_NC_4_0					2026-08-12T22:41:00.090Z	StillImage	GEODETIC_DATUM_ASSUMED_WGS84;IDENTIFIED_DATE_INVALID
1020587186	e61455a4-352d-4c55-83ea-dbca254e3b29	CTP050612006211A00013a	Animalia	Chordata	Mammalia	Carnivora	Felidae	Panthera	Panthera tigris	tigris	SUBSPECIES	Panthera tigris tigris (Linnaeus, 1758)	Panthera tigris tigris (Linnaeus, 1758)		IN		Uttarakhand	PRESENT		4a19e429-8f13-478e-86d7-93adb7534524	29.9308	78.3095		0.01667					2006-02-03	3	2	2006	5K5M9	4CGXS	MACHINE_OBSERVATION	WII		CTP050612006211A00013a		Abishek Harihar, Bivash Pandav		CC_BY_NC_4_0					2026-08-12T22:40:59.972Z	StillImage	GEODETIC_DATUM_ASSUMED_WGS84;RECORDED_DATE_INVALID;IDENTIFIED_DATE_INVALID
1020587185	e61455a4-352d-4c55-83ea-dbca254e3b29	CTP050612008267A00046a	Animalia	Chordata	Mammalia	Carnivora	Felidae	Panthera	Panthera tigris	tigris	SUBSPECIES	Panthera tigris tigris (Linnaeus, 1758)	Panthera tigris tigris (Linnaeus, 1758)		IN		Uttarakhand	PRESENT		4a19e429-8f13-478e-86d7-93adb7534524	29.9491	78.2942		0.01667					2006-01-11	11	1	2006	5K5M9	4CGXS	MACHINE_OBSERVATION	WII		CTP050612008267A00046a		Abishek Harihar, Bivash Pandav		CC_BY_NC_4_0					2026-08-12T22:40:59.955Z	StillImage	GEODETIC_DATUM_ASSUMED_WGS84;RECORDED_DATE_INVALID;IDENTIFIED_DATE_INVALID
1020587184	e61455a4-352d-4c55-83ea-dbca254e3b29	CTP050612006422A00008a	Animalia	Chordata	Mammalia	Carnivora	Felidae	Panthera	Panthera tigris	tigris	SUBSPECIES	Panthera tigris tigris (Linnaeus, 1758)	Panthera tigris tigris (Linnaeus, 1758)		IN		Uttarakhand	PRESENT		4a19e429-8f13-478e-86d7-93adb7534524	29.9811	78.234		0.01667					2006-04-10	10	4	2006	5K5M9	4CGXS	MACHINE_OBSERVATION	WII		CTP050612006422A00008a		Abishek Harihar, Bivash Pandav		CC_BY_NC_4_0					2026-08-12T22:40:59.950Z	StillImage	GEODETIC_DATUM_ASSUMED_WGS84;RECORDED_DATE_INVALID;IDENTIFIED_DATE_INVALID
1020587183	e61455a4-352d-4c55-83ea-dbca254e3b29	CTP050612006323A00021a	Animalia	Chordata	Mammalia	Carnivora	Felidae	Panthera	Panthera tigris	tigris	SUBSPECIES	Panthera tigris tigris (Linnaeus, 1758)	Panthera tigris tigris (Linnaeus, 1758)		IN		Uttarakhand	PRESENT		4a19e429-8f13-478e-86d7-93adb7534524	29.9623	78.2877		0.01667					2006-02-28	28	2	2006	5K5M9	4CGXS	MACHINE_OBSERVATION	WII		CTP050612006323A00021a		Abishek Harihar, Bivash Pandav		CC_BY_NC_4_0					2026-08-12T22:40:59.943Z	StillImage	GEODETIC_DATUM_ASSUMED_WGS84;IDENTIFIED_DATE_INVALID
1020587182	e61455a4-352d-4c55-83ea-dbca254e3b29	CTP050612009284A00536a	Animalia	Chordata	Mammalia	Carnivora	Felidae	Panthera	Panthera tigris	tigris	SUBSPECIES	Panthera tigris tigris (Linnaeus, 1758)	Panthera tigris tigris (Linnaeus, 1758)		IN	Chilla range	Uttarakhand	PRESENT		4a19e429-8f13-478e-86d7-93adb7534524	29.9414	78.2474		0.01667					2009-12-18	18	12	2009	5K5M9	4CGXS	MACHINE_OBSERVATION	WII		CTP050612009284A00536a		Abishek Harihar		CC_BY_NC_4_0					2026-08-12T22:40:59.938Z	StillImage	GEODETIC_DATUM_ASSUMED_WGS84
1020587181	e61455a4-352d-4c55-83ea-dbca254e3b29	CTP050612008267A00032a	Animalia	Chordata	Mammalia	Carnivora	Felidae	Panthera	Panthera tigris	tigris	SUBSPECIES	Panthera tigris tigris (Linnaeus, 1758)	Panthera tigris tigris (Linnaeus, 1758)		IN		Uttarakhand	PRESENT		4a19e429-8f13-478e-86d7-93adb7534524	29.9491	78.2942		0.01667					2006-01-11	11	1	2006	5K5M9	4CGXS	MACHINE_OBSERVATION	WII		CTP050612008267A00032a		Abishek Harihar, Bivash Pandav		CC_BY_NC_4_0					2026-08-12T22:40:59.919Z	StillImage	GEODETIC_DATUM_ASSUMED_WGS84;RECORDED_DATE_INVALID;IDENTIFIED_DATE_INVALID
1020587180	e61455a4-352d-4c55-83ea-dbca254e3b29	CTP050612007211A00150a	Animalia	Chordata	Mammalia	Carnivora	Felidae	Panthera	Panthera tigris	tigris	SUBSPECIES	Panthera tigris tigris (Linnaeus, 1758)	Panthera tigris tigris (Linnaeus, 1758)		IN	East Rajaji National Park	Uttarakhand	PRESENT		4a19e429-8f13-478e-86d7-93adb7534524	29.9308	78.3095		0.01667					2007-05-06	6	5	2007	5K5M9	4CGXS	MACHINE_OBSERVATION	WII		CTP050612007211A00150a		Abishek Harihar, Bivash Pandav		CC_BY_NC_4_0					2026-08-12T22:40:59.833Z	StillImage	GEODETIC_DATUM_ASSUMED_WGS84;RECORDED_DATE_INVALID;IDENTIFIED_DATE_INVALID
1020587179	e61455a4-352d-4c55-83ea-dbca254e3b29	CTP050612007272A00011a	Animalia	Chordata	Mammalia	Carnivora	Felidae	Panthera	Panthera tigris	tigris	SUBSPECIES	Panthera tigris tigris (Linnaeus, 1758)	Panthera tigris tigris (Linnaeus, 1758)		IN	East Rajaji National Park	Uttarakhand	PRESENT		4a19e429-8f13-478e-86d7-93adb7534524	29.9435	78.2783		0.01667					2007-04-17	17	4	2007	5K5M9	4CGXS	MACHINE_OBSERVATION	WII		CTP050612007272A00011a		Abishek Harihar, Bivash Pandav		CC_BY_NC_4_0					2026-08-12T22:40:59.827Z	StillImage	GEODETIC_DATUM_ASSUMED_WGS84;IDENTIFIED_DATE_INVALID
1020587178	e61455a4-352d-4c55-83ea-dbca254e3b29	CTP050612009072A00165a	Animalia	Chordata	Mammalia	Carnivora	Felidae	Panthera	Panthera tigris	tigris	SUBSPECIES	Panthera tigris tigris (Linnaeus, 1758)	Panthera tigris tigris (Linnaeus, 1758)		IN	Chilla range	Uttarakhand	PRESENT		4a19e429-8f13-478e-86d7-93adb7534524	29.8703	78.321		0.01667					2009-11-06	6	11	2009	5K5M9	4CGXS	MACHINE_OBSERVATION	WII		CTP050612009072A00165a		Abishek Harihar		CC_BY_NC_4_0					2026-08-12T22:40:59.823Z	StillImage	GEODETIC_DATUM_ASSUMED_WGS84;RECORDED_DATE_INVALID
1020587177	e61455a4-352d-4c55-83ea-dbca254e3b29	CTP050612006211A00012a	Animalia	Chordata	Mammalia	Carnivora	Felidae	Panthera	Panthera tigris	tigris	SUBSPECIES	Panthera tigris tigris (Linnaeus, 1758)	Panthera tigris tigris (Linnaeus, 1758)		IN		Uttarakhand	PRESENT		4a19e429-8f13-478e-86d7-93adb7534524	29.9308	78.3095		0.01667					2006-02-01	1	2	2006	5K5M9	4CGXS	MACHINE_OBSERVATION	WII		CTP050612006211A00012a		Abishek Harihar, Bivash Pandav		CC_BY_NC_4_0					2026-08-12T22:40:59.794Z	StillImage	GEODETIC_DATUM_ASSUMED_WGS84;RECORDED_DATE_INVALID;IDENTIFIED_DATE_INVALID
1020587176	e61455a4-352d-4c55-83ea-dbca254e3b29	CTP050612008351A00101a	Animalia	Chordata	Mammalia	Carnivora	Felidae	Panthera	Panthera tigris	tigris	SUBSPECIES	Panthera tigris tigris (Linnaeus, 1758)	Panthera tigris tigris (Linnaeus, 1758)		IN		Uttarakhand	PRESENT		4a19e429-8f13-478e-86d7-93adb7534524	29.9541	78.2226		0.01667									5K5M9	4CGXS	MACHINE_OBSERVATION	WII		CTP050612008351A00101a		Abishek Harihar, Bivash Pandav		CC_BY_NC_4_0					2026-08-12T22:40:59.783Z	StillImage	GEODETIC_DATUM_ASSUMED_WGS84;RECORDED_DATE_MISMATCH;IDENTIFIED_DATE_INVALID
1020587175	e61455a4-352d-4c55-83ea-dbca254e3b29	CTP050612007272A00417a	Animalia	Chordata	Mammalia	Carnivora	Felidae	Panthera	Panthera tigris	tigris	SUBSPECIES	Panthera tigris tigris (Linnaeus, 1758)	Panthera tigris tigris (Linnaeus, 1758)		IN	East Rajaji National Park	Uttarakhand	PRESENT		4a19e429-8f13-478e-86d7-93adb7534524	29.9435	78.2783		0.01667					2007-04-17	17	4	2007	5K5M9	4CGXS	MACHINE_OBSERVATION	WII		CTP050612007272A00417a		Abishek Harihar, Bivash Pandav		CC_BY_NC_4_0					2026-08-12T22:40:59.764Z	StillImage	GEODETIC_DATUM_ASSUMED_WGS84;IDENTIFIED_DATE_INVALID
1020587174	e61455a4-352d-4c55-83ea-dbca254e3b29	CTP050612007272A00413a	Animalia	Chordata	Mammalia	Carnivora	Felidae	Panthera	Panthera tigris	tigris	SUBSPECIES	Panthera tigris tigris (Linnaeus, 1758)	Panthera tigris tigris (Linnaeus, 1758)		IN	East Rajaji National Park	Uttarakhand	PRESENT		4a19e429-8f13-478e-86d7-93adb7534524	29.9435	78.2783		0.01667					2007-04-16	16	4	2007	5K5M9	4CGXS	MACHINE_OBSERVATION	WII		CTP050612007272A00413a		Abishek Harihar, Bivash Pandav		CC_BY_NC_4_0					2026-08-12T22:40:59.762Z	StillImage	GEODETIC_DATUM_ASSUMED_WGS84;IDENTIFIED_DATE_INVALID
1020587173	e61455a4-352d-4c55-83ea-dbca254e3b29	CTP050612006211A00014a	Animalia	Chordata	Mammalia	Carnivora	Felidae	Panthera	Panthera tigris	tigris	SUBSPECIES	Panthera tigris tigris (Linnaeus, 1758)	Panthera tigris tigris (Linnaeus, 1758)		IN		Uttarakhand	PRESENT		4a19e429-8f13-478e-86d7-93adb7534524	29.9308	78.3095		0.01667					2006-02-03	3	2	2006	5K5M9	4CGXS	MACHINE_OBSERVATION	WII		CTP050612006211A00014a		Abishek Harihar, Bivash Pandav		CC_BY_NC_4_0					2026-08-12T22:40:59.760Z	StillImage	GEODETIC_DATUM_ASSUMED_WGS84;RECORDED_DATE_INVALID;IDENTIFIED_DATE_INVALID
1020587172	e61455a4-352d-4c55-83ea-dbca254e3b29	CTP050612008321A00078a	Animalia	Chordata	Mammalia	Carnivora	Felidae	Panthera	Panthera tigris	tigris	SUBSPECIES	Panthera tigris tigris (Linnaeus, 1758)	Panthera tigris tigris (Linnaeus, 1758)		IN		Uttarakhand	PRESENT		4a19e429-8f13-478e-86d7-93adb7534524	29.9555	78.2962		0.01667									5K5M9	4CGXS	MACHINE_OBSERVATION	WII		CTP050612008321A00078a		Abishek Harihar, Bivash Pandav		CC_BY_NC_4_0					2026-08-12T22:40:59.757Z	StillImage	GEODETIC_DATUM_ASSUMED_WGS84;RECORDED_DATE_MISMATCH;IDENTIFIED_DATE_INVALID
1020587171	e61455a4-352d-4c55-83ea-dbca254e3b29	CTP050612007272A00418a	Animalia	Chordata	Mammalia	Carnivora	Felidae	Panthera	Panthera tigris	tigris	SUBSPECIES	Panthera tigris tigris (Linnaeus, 1758)	Panthera tigris tigris (Linnaeus, 1758)		IN	East Rajaji National Park	Uttarakhand	PRESENT		4a19e429-8f13-478e-86d7-93adb7534524	29.9435	78.2783		0.01667					2007-04-17	17	4	2007	5K5M9	4CGXS	MACHINE_OBSERVATION	WII		CTP050612007272A00418a		Abishek Harihar, Bivash Pandav		CC_BY_NC_4_0					2026-08-12T22:40:59.754Z	StillImage	GEODETIC_DATUM_ASSUMED_WGS84;IDENTIFIED_DATE_INVALID
1020587170	e61455a4-352d-4c55-83ea-dbca254e3b29	CTP050612006422A00027a	Animalia	Chordata	Mammalia	Carnivora	Felidae	Panthera	Panthera tigris	tigris	SUBSPECIES	Panthera tigris tigris (Linnaeus, 1758)	Panthera tigris tigris (Linnaeus, 1758)		IN		Uttarakhand	PRESENT		4a19e429-8f13-478e-86d7-93adb7534524	29.9811	78.234		0.01667					2006-04-10	10	4	2006	5K5M9	4CGXS	MACHINE_OBSERVATION	WII		CTP050612006422A00027a		Abishek Harihar, Bivash Pandav		CC_BY_NC_4_0					2026-08-12T22:40:59.748Z	StillImage	GEODETIC_DATUM_ASSUMED_WGS84;RECORDED_DATE_INVALID;IDENTIFIED_DATE_INVALID
1020587169	e61455a4-352d-4c55-83ea-dbca254e3b29	CTP050612008334A00011a	Animalia	Chordata	Mammalia	Carnivora	Felidae	Panthera	Panthera tigris	tigris	SUBSPECIES	Panthera tigris tigris (Linnaeus, 1758)	Panthera tigris tigris (Linnaeus, 1758)		IN		Uttarakhand	PRESENT		4a19e429-8f13-478e-86d7-93adb7534524	29.953	78.2766		0.01667									5K5M9	4CGXS	MACHINE_OBSERVATION	WII		CTP050612008334A00011a		Abishek Harihar, Bivash Pandav		CC_BY_NC_4_0					2026-08-12T22:40:59.740Z	StillImage	GEODETIC_DATUM_ASSUMED_WGS84;RECORDED_DATE_MISMATCH;IDENTIFIED_DATE_INVALID
1020587168	e61455a4-352d-4c55-83ea-dbca254e3b29	CTP050612007333A00007a	Animalia	Chordata	Mammalia	Carnivora	Felidae	Panthera	Panthera tigris	tigris	SUBSPECIES	Panthera tigris tigris (Linnaeus, 1758)	Panthera tigris tigris (Linnaeus, 1758)		IN	East Rajaji National Park	Uttarakhand	PRESENT		4a19e429-8f13-478e-86d7-93adb7534524	29.9566	78.2835		0.01667					2007-04-25	25	4	2007	5K5M9	4CGXS	MACHINE_OBSERVATION	WII		CTP050612007333A00007a		Abishek Harihar, Bivash Pandav		CC_BY_NC_4_0					2026-08-12T22:40:59.672Z	StillImage	GEODETIC_DATUM_ASSUMED_WGS84;IDENTIFIED_DATE_INVALID
1020587167	e61455a4-352d-4c55-83ea-dbca254e3b29	CTP050612009180A00085a	Animalia	Chordata	Mammalia	Carnivora	Felidae	Panthera	Panthera tigris	tigris	SUBSPECIES	Panthera tigris tigris (Linnaeus, 1758)	Panthera tigris tigris (Linnaeus, 1758)		IN		Uttarakhand	PRESENT		4a19e429-8f13-478e-86d7-93adb7534524	29.899	78.275		0.01667									5K5M9	4CGXS	MACHINE_OBSERVATION	WII		CTP050612009180A00085a		Abishek Harihar		CC_BY_NC_4_0					2026-08-12T22:40:59.661Z	StillImage	GEODETIC_DATUM_ASSUMED_WGS84;RECORDED_DATE_MISMATCH
1020587166	e61455a4-352d-4c55-83ea-dbca254e3b29	CTP050612009070A00013a	Animalia	Chordata	Mammalia	Carnivora	Felidae	Panthera	Panthera tigris	tigris	SUBSPECIES	Panthera tigris tigris (Linnaeus, 1758)	Panthera tigris tigris (Linnaeus, 1758)		IN	Chilla range	Uttarakhand	PRESENT		4a19e429-8f13-478e-86d7-93adb7534524	29.875	78.3105		0.01667					2009-10-23	23	10	2009	5K5M9	4CGXS	MACHINE_OBSERVATION	WII		CTP050612009070A00013a		Abishek Harihar		CC_BY_NC_4_0					2026-08-12T22:40:59.657Z	StillImage	GEODETIC_DATUM_ASSUMED_WGS84
1020587165	e61455a4-352d-4c55-83ea-dbca254e3b29	CTP050612005360A00003a	Animalia	Chordata	Mammalia	Carnivora	Felidae	Panthera	Panthera tigris	tigris	SUBSPECIES	Panthera tigris tigris (Linnaeus, 1758)	Panthera tigris tigris (Linnaeus, 1758)		IN	Chilla range	Uttarakhand	PRESENT		4a19e429-8f13-478e-86d7-93adb7534524	29.9551	78.2161		0.01667					2005-02-23	23	2	2005	5K5M9	4CGXS	MACHINE_OBSERVATION	WII		CTP050612005360A00003a		Abishek Harihar, Bivash Pandav		CC_BY_NC_4_0					2026-08-12T22:40:59.654Z	StillImage	GEODETIC_DATUM_ASSUMED_WGS84;IDENTIFIED_DATE_INVALID
1020587164	e61455a4-352d-4c55-83ea-dbca254e3b29	CTP050612005290A00027a	Animalia	Chordata	Mammalia	Carnivora	Felidae	Panthera	Panthera tigris	tigris	SUBSPECIES	Panthera tigris tigris (Linnaeus, 1758)	Panthera tigris tigris (Linnaeus, 1758)		IN	Chilla range	Uttarakhand	PRESENT		4a19e429-8f13-478e-86d7-93adb7534524	29.9403	78.2414		0.01667					2005-01-14	14	1	2005	5K5M9	4CGXS	MACHINE_OBSERVATION	WII		CTP050612005290A00027a		Abishek Harihar, Bivash Pandav		CC_BY_NC_4_0					2026-08-12T22:40:59.587Z	StillImage	GEODETIC_DATUM_ASSUMED_WGS84;IDENTIFIED_DATE_INVALID
1020587163	e61455a4-352d-4c55-83ea-dbca254e3b29	CTP050612005290A00026a	Animalia	Chordata	Mammalia	Carnivora	Felidae	Panthera	Panthera tigris	tigris	SUBSPECIES	Panthera tigris tigris (Linnaeus, 1758)	Panthera tigris tigris (Linnaeus, 1758)		IN	Chilla range	Uttarakhand	PRESENT		4a19e429-8f13-478e-86d7-93adb7534524	29.9403	78.2414		0.01667					2005-01-13	13	1	2005	5K5M9	4CGXS	MACHINE_OBSERVATION	WII		CTP050612005290A00026a		Abishek Harihar, Bivash Pandav		CC_BY_NC_4_0					2026-08-12T22:40:59.584Z	StillImage	GEODETIC_DATUM_ASSUMED_WGS84;IDENTIFIED_DATE_INVALID
1020587162	e61455a4-352d-4c55-83ea-dbca254e3b29	CTP050612006262A00018a	Animalia	Chordata	Mammalia	Carnivora	Felidae	Panthera	Panthera tigris	tigris	SUBSPECIES	Panthera tigris tigris (Linnaeus, 1758)	Panthera tigris tigris (Linnaeus, 1758)		IN		Uttarakhand	PRESENT		4a19e429-8f13-478e-86d7-93adb7534524	29.9338	78.2916		0.01667					2006-01-18	18	1	2006	5K5M9	4CGXS	MACHINE_OBSERVATION	WII		CTP050612006262A00018a		Abishek Harihar, Bivash Pandav		CC_BY_NC_4_0					2026-08-12T22:40:59.580Z	StillImage	GEODETIC_DATUM_ASSUMED_WGS84;IDENTIFIED_DATE_INVALID
1020587161	e61455a4-352d-4c55-83ea-dbca254e3b29	CTP050612009070A00117a	Animalia	Chordata	Mammalia	Carnivora	Felidae	Panthera	Panthera tigris	tigris	SUBSPECIES	Panthera tigris tigris (Linnaeus, 1758)	Panthera tigris tigris (Linnaeus, 1758)		IN	Chilla range	Uttarakhand	PRESENT		4a19e429-8f13-478e-86d7-93adb7534524	29.875	78.3105		0.01667					2009-10-29	29	10	2009	5K5M9	4CGXS	MACHINE_OBSERVATION	WII		CTP050612009070A00117a		Abishek Harihar		CC_BY_NC_4_0					2026-08-12T22:40:59.576Z	StillImage	GEODETIC_DATUM_ASSUMED_WGS84
1020587160	e61455a4-352d-4c55-83ea-dbca254e3b29	CTP050612005362A00034a	Animalia	Chordata	Mammalia	Carnivora	Felidae	Panthera	Panthera tigris	tigris	SUBSPECIES	Panthera tigris tigris (Linnaeus, 1758)	Panthera tigris tigris (Linnaeus, 1758)		IN		Uttarakhand	PRESENT		4a19e429-8f13-478e-86d7-93adb7534524	29.963	78.2142		0.01667					2005-12-27	27	12	2005	5K5M9	4CGXS	MACHINE_OBSERVATION	WII		CTP050612005362A00034a		Abishek Harihar, Bivash Pandav		CC_BY_NC_4_0					2026-08-12T22:40:59.520Z	StillImage	GEODETIC_DATUM_ASSUMED_WGS84;IDENTIFIED_DATE_INVALID
1020587159	e61455a4-352d-4c55-83ea-dbca254e3b29	CTP050612007272A00416a	Animalia	Chordata	Mammalia	Carnivora	Felidae	Panthera	Panthera tigris	tigris	SUBSPECIES	Panthera tigris tigris (Linnaeus, 1758)	Panthera tigris tigris (Linnaeus, 1758)		IN	East Rajaji National Park	Uttarakhand	PRESENT		4a19e429-8f13-478e-86d7-93adb7534524	29.9435	78.2783		0.01667					2007-04-17	17	4	2007	5K5M9	4CGXS	MACHINE_OBSERVATION	WII		CTP050612007272A00416a		Abishek Harihar, Bivash Pandav		CC_BY_NC_4_0					2026-08-12T22:40:59.515Z	StillImage	GEODETIC_DATUM_ASSUMED_WGS84;IDENTIFIED_DATE_INVALID
1020587158	e61455a4-352d-4c55-83ea-dbca254e3b29	CTP050612007272A00009a	Animalia	Chordata	Mammalia	Carnivora	Felidae	Panthera	Panthera tigris	tigris	SUBSPECIES	Panthera tigris tigris (Linnaeus, 1758)	Panthera tigris tigris (Linnaeus, 1758)		IN	East Rajaji National Park	Uttarakhand	PRESENT		4a19e429-8f13-478e-86d7-93adb7534524	29.9435	78.2783		0.01667					2007-04-17	17	4	2007	5K5M9	4CGXS	MACHINE_OBSERVATION	WII		CTP050612007272A00009a		Abishek Harihar, Bivash Pandav		CC_BY_NC_4_0					2026-08-12T22:40:59.506Z	StillImage	GEODETIC_DATUM_ASSUMED_WGS84;IDENTIFIED_DATE_INVALID
1020587157	e61455a4-352d-4c55-83ea-dbca254e3b29	CTP050612005430A00021a	Animalia	Chordata	Mammalia	Carnivora	Felidae	Panthera	Panthera tigris	tigris	SUBSPECIES	Panthera tigris tigris (Linnaeus, 1758)	Panthera tigris tigris (Linnaeus, 1758)		IN		Uttarakhand	PRESENT		4a19e429-8f13-478e-86d7-93adb7534524	29.9685	78.2145		0.01667					2005-12-27	27	12	2005	5K5M9	4CGXS	MACHINE_OBSERVATION	WII		CTP050612005430A00021a		Abishek Harihar, Bivash Pandav		CC_BY_NC_4_0					2026-08-12T22:40:59.502Z	StillImage	GEODETIC_DATUM_ASSUMED_WGS84;IDENTIFIED_DATE_INVALID
1020587156	e61455a4-352d-4c55-83ea-dbca254e3b29	CTP050612006422A00028a	Animalia	Chordata	Mammalia	Carnivora	Felidae	Panthera	Panthera tigris	tigris	SUBSPECIES	Panthera tigris tigris (Linnaeus, 1758)	Panthera tigris tigris (Linnaeus, 1758)		IN		Uttarakhand	PRESENT		4a19e429-8f13-478e-86d7-93adb7534524	29.9811	78.234		0.01667					2006-04-10	10	4	2006	5K5M9	4CGXS	MACHINE_OBSERVATION	WII		CTP050612006422A00028a		Abishek Harihar, Bivash Pandav		CC_BY_NC_4_0					2026-08-12T22:40:59.492Z	StillImage	GEODETIC_DATUM_ASSUMED_WGS84;RECORDED_DATE_INVALID;IDENTIFIED_DATE_INVALID
1020587155	e61455a4-352d-4c55-83ea-dbca254e3b29	CTP050612006172A00036a	Animalia	Chordata	Mammalia	Carnivora	Felidae	Panthera	Panthera tigris	tigris	SUBSPECIES	Panthera tigris tigris (Linnaeus, 1758)	Panthera tigris tigris (Linnaeus, 1758)		IN		Uttarakhand	PRESENT		4a19e429-8f13-478e-86d7-93adb7534524	29.8999	78.3008		0.01667					2006-02-01	1	2	2006	5K5M9	4CGXS	MACHINE_OBSERVATION	WII		CTP050612006172A00036a		Abishek Harihar, Bivash Pandav		CC_BY_NC_4_0					2026-08-12T22:40:59.424Z	StillImage	GEODETIC_DATUM_ASSUMED_WGS84;RECORDED_DATE_INVALID;IDENTIFIED_DATE_INVALID
1020587154	e61455a4-352d-4c55-83ea-dbca254e3b29	CTP050612006263A00023a	Animalia	Chordata	Mammalia	Carnivora	Felidae	Panthera	Panthera tigris	tigris	SUBSPECIES	Panthera tigris tigris (Linnaeus, 1758)	Panthera tigris tigris (Linnaeus, 1758)		IN		Uttarakhand	PRESENT		4a19e429-8f13-478e-86d7-93adb7534524	29.9421	78.2941		0.01667					2006-01-09	9	1	2006	5K5M9	4CGXS	MACHINE_OBSERVATION	WII		CTP050612006263A00023a		Abishek Harihar, Bivash Pandav		CC_BY_NC_4_0					2026-08-12T22:40:59.420Z	StillImage	GEODETIC_DATUM_ASSUMED_WGS84;RECORDED_DATE_INVALID;IDENTIFIED_DATE_INVALID
1020587153	e61455a4-352d-4c55-83ea-dbca254e3b29	CTP050612006323A00062a	Animalia	Chordata	Mammalia	Carnivora	Felidae	Panthera	Panthera tigris	tigris	SUBSPECIES	Panthera tigris tigris (Linnaeus, 1758)	Panthera tigris tigris (Linnaeus, 1758)		IN		Uttarakhand	PRESENT		4a19e429-8f13-478e-86d7-93adb7534524	29.9623	78.2877		0.01667					2006-03-02	2	3	2006	5K5M9	4CGXS	MACHINE_OBSERVATION	WII		CTP050612006323A00062a		Abishek Harihar, Bivash Pandav		CC_BY_NC_4_0					2026-08-12T22:40:59.410Z	StillImage	GEODETIC_DATUM_ASSUMED_WGS84;RECORDED_DATE_INVALID;IDENTIFIED_DATE_INVALID
1020587152	e61455a4-352d-4c55-83ea-dbca254e3b29	CTP050612006530A00006a	Animalia	Chordata	Mammalia	Carnivora	Felidae	Panthera	Panthera tigris	tigris	SUBSPECIES	Panthera tigris tigris (Linnaeus, 1758)	Panthera tigris tigris (Linnaeus, 1758)		IN		Uttarakhand	PRESENT		4a19e429-8f13-478e-86d7-93adb7534524	30.0048	78.2498		0.01667					2006-04-07	7	4	2006	5K5M9	4CGXS	MACHINE_OBSERVATION	WII		CTP050612006530A00006a		Abishek Harihar, Bivash Pandav		CC_BY_NC_4_0					2026-08-12T22:40:59.338Z	StillImage	GEODETIC_DATUM_ASSUMED_WGS84;RECORDED_DATE_INVALID;IDENTIFIED_DATE_INVALID
1020587151	e61455a4-352d-4c55-83ea-dbca254e3b29	CTP050612006231A00003a	Animalia	Chordata	Mammalia	Carnivora	Felidae	Panthera	Panthera tigris	tigris	SUBSPECIES	Panthera tigris tigris (Linnaeus, 1758)	Panthera tigris tigris (Linnaeus, 1758)		IN		Uttarakhand	PRESENT		4a19e429-8f13-478e-86d7-93adb7534524	29.9251	78.2768		0.01667					2006-01-25	25	1	2006	5K5M9	4CGXS	MACHINE_OBSERVATION	WII		CTP050612006231A00003a		Abishek Harihar, Bivash Pandav		CC_BY_NC_4_0					2026-08-12T22:40:59.303Z	StillImage	GEODETIC_DATUM_ASSUMED_WGS84;IDENTIFIED_DATE_INVALID
1020587150	e61455a4-352d-4c55-83ea-dbca254e3b29	CTP050612008323A00041a	Animalia	Chordata	Mammalia	Carnivora	Felidae	Panthera	Panthera tigris	tigris	SUBSPECIES	Panthera tigris tigris (Linnaeus, 1758)	Panthera tigris tigris (Linnaeus, 1758)		IN		Uttarakhand	PRESENT		4a19e429-8f13-478e-86d7-93adb7534524	29.9623	78.2861		0.01667					2005-01-11	11	1	2005	5K5M9	4CGXS	MACHINE_OBSERVATION	WII		CTP050612008323A00041a		Abishek Harihar, Bivash Pandav		CC_BY_NC_4_0					2026-08-12T22:40:59.267Z	StillImage	GEODETIC_DATUM_ASSUMED_WGS84;RECORDED_DATE_INVALID;IDENTIFIED_DATE_INVALID
1020587149	e61455a4-352d-4c55-83ea-dbca254e3b29	CTP050612004331A00002a	Animalia	Chordata	Mammalia	Carnivora	Felidae	Panthera	Panthera tigris	tigris	SUBSPECIES	Panthera tigris tigris (Linnaeus, 1758)	Panthera tigris tigris (Linnaeus, 1758)		IN	Chilla range	Uttarakhand	PRESENT		4a19e429-8f13-478e-86d7-93adb7534524	29.9518	78.269		0.01667					2004-07-06	6	7	2004	5K5M9	4CGXS	MACHINE_OBSERVATION	WII		CTP050612004331A00002a		Abishek Harihar, Bivash Pandav		CC_BY_NC_4_0					2026-08-12T22:40:59.248Z	StillImage	GEODETIC_DATUM_ASSUMED_WGS84;RECORDED_DATE_INVALID;IDENTIFIED_DATE_INVALID
1020587148	e61455a4-352d-4c55-83ea-dbca254e3b29	CTP050612007272A00424a	Animalia	Chordata	Mammalia	Carnivora	Felidae	Panthera	Panthera tigris	tigris	SUBSPECIES	Panthera tigris tigris (Linnaeus, 1758)	Panthera tigris tigris (Linnaeus, 1758)		IN	East Rajaji National Park	Uttarakhand	PRESENT		4a19e429-8f13-478e-86d7-93adb7534524	29.9435	78.2783		0.01667					2007-04-17	17	4	2007	5K5M9	4CGXS	MACHINE_OBSERVATION	WII		CTP050612007272A00424a		Abishek Harihar, Bivash Pandav		CC_BY_NC_4_0					2026-08-12T22:40:59.242Z	StillImage	GEODETIC_DATUM_ASSUMED_WGS84;IDENTIFIED_DATE_INVALID
1020587147	e61455a4-352d-4c55-83ea-dbca254e3b29	CTP050612006210A00031a	Animalia	Chordata	Mammalia	Carnivora	Felidae	Panthera	Panthera tigris	tigris	SUBSPECIES	Panthera tigris tigris (Linnaeus, 1758)	Panthera tigris tigris (Linnaeus, 1758)		IN		Uttarakhand	PRESENT		4a19e429-8f13-478e-86d7-93adb7534524	29.9138	78.3074		0.01667					2006-02-07	7	2	2006	5K5M9	4CGXS	MACHINE_OBSERVATION	WII		CTP050612006210A00031a		Abishek Harihar, Bivash Pandav		CC_BY_NC_4_0					2026-08-12T22:40:59.238Z	StillImage	GEODETIC_DATUM_ASSUMED_WGS84;RECORDED_DATE_INVALID;IDENTIFIED_DATE_INVALID
1020587146	e61455a4-352d-4c55-83ea-dbca254e3b29	CTP050612007272A00423a	Animalia	Chordata	Mammalia	Carnivora	Felidae	Panthera	Panthera tigris	tigris	SUBSPECIES	Panthera tigris tigris (Linnaeus, 1758)	Panthera tigris tigris (Linnaeus, 1758)		IN	East Rajaji National Park	Uttarakhand	PRESENT		4a19e429-8f13-478e-86d7-93adb7534524	29.9435	78.2783		0.01667					2007-04-17	17	4	2007	5K5M9	4CGXS	MACHINE_OBSERVATION	WII		CTP050612007272A00423a		Abishek Harihar, Bivash Pandav		CC_BY_NC_4_0					2026-08-12T22:40:59.219Z	StillImage	GEODETIC_DATUM_ASSUMED_WGS84;IDENTIFIED_DATE_INVALID
1020587145	e61455a4-352d-4c55-83ea-dbca254e3b29	CTP050612008171A00067a	Animalia	Chordata	Mammalia	Carnivora	Felidae	Panthera	Panthera tigris	tigris	SUBSPECIES	Panthera tigris tigris (Linnaeus, 1758)	Panthera tigris tigris (Linnaeus, 1758)		IN		Uttarakhand	PRESENT		4a19e429-8f13-478e-86d7-93adb7534524	29.9079	78.2878		0.01667									5K5M9	4CGXS	MACHINE_OBSERVATION	WII		CTP050612008171A00067a		Abishek Harihar, Bivash Pandav		CC_BY_NC_4_0					2026-08-12T22:40:59.217Z	StillImage	GEODETIC_DATUM_ASSUMED_WGS84;RECORDED_DATE_MISMATCH;IDENTIFIED_DATE_INVALID
1020587144	e61455a4-352d-4c55-83ea-dbca254e3b29	CTP050612007211A00151a	Animalia	Chordata	Mammalia	Carnivora	Felidae	Panthera	Panthera tigris	tigris	SUBSPECIES	Panthera tigris tigris (Linnaeus, 1758)	Panthera tigris tigris (Linnaeus, 1758)		IN	East Rajaji National Park	Uttarakhand	PRESENT		4a19e429-8f13-478e-86d7-93adb7534524	29.9308	78.3095		0.01667					2007-05-06	6	5	2007	5K5M9	4CGXS	MACHINE_OBSERVATION	WII		CTP050612007211A00151a		Abishek Harihar, Bivash Pandav		CC_BY_NC_4_0					2026-08-12T22:40:59.199Z	StillImage	GEODETIC_DATUM_ASSUMED_WGS84;RECORDED_DATE_INVALID;IDENTIFIED_DATE_INVALID
1020587143	e61455a4-352d-4c55-83ea-dbca254e3b29	CTP050612005361A00003a	Animalia	Chordata	Mammalia	Carnivora	Felidae	Panthera	Panthera tigris	tigris	SUBSPECIES	Panthera tigris tigris (Linnaeus, 1758)	Panthera tigris tigris (Linnaeus, 1758)		IN	Chilla range	Uttarakhand	PRESENT		4a19e429-8f13-478e-86d7-93adb7534524	29.9606	78.2102		0.01667					2005-02-22	22	2	2005	5K5M9	4CGXS	MACHINE_OBSERVATION	WII		CTP050612005361A00003a		Abishek Harihar, Bivash Pandav		CC_BY_NC_4_0					2026-08-12T22:40:59.187Z	StillImage	GEODETIC_DATUM_ASSUMED_WGS84;IDENTIFIED_DATE_INVALID
1020587142	e61455a4-352d-4c55-83ea-dbca254e3b29	CTP050612008321A00021a	Animalia	Chordata	Mammalia	Carnivora	Felidae	Panthera	Panthera tigris	tigris	SUBSPECIES	Panthera tigris tigris (Linnaeus, 1758)	Panthera tigris tigris (Linnaeus, 1758)		IN		Uttarakhand	PRESENT		4a19e429-8f13-478e-86d7-93adb7534524	29.9555	78.2962		0.01667					2006-01-10	10	1	2006	5K5M9	4CGXS	MACHINE_OBSERVATION	WII		CTP050612008321A00021a		Abishek Harihar, Bivash Pandav		CC_BY_NC_4_0					2026-08-12T22:40:59.184Z	StillImage	GEODETIC_DATUM_ASSUMED_WGS84;RECORDED_DATE_INVALID;IDENTIFIED_DATE_INVALID
1020587141	e61455a4-352d-4c55-83ea-dbca254e3b29	CTP050612005210A00008a	Animalia	Chordata	Mammalia	Carnivora	Felidae	Panthera	Panthera tigris	tigris	SUBSPECIES	Panthera tigris tigris (Linnaeus, 1758)	Panthera tigris tigris (Linnaeus, 1758)		IN	Chilla range	Uttarakhand	PRESENT		4a19e429-8f13-478e-86d7-93adb7534524	29.914	78.3077		0.01667					2005-02-13	13	2	2005	5K5M9	4CGXS	MACHINE_OBSERVATION	WII		CTP050612005210A00008a		Abishek Harihar, Bivash Pandav		CC_BY_NC_4_0					2026-08-12T22:40:59.178Z	StillImage	GEODETIC_DATUM_ASSUMED_WGS84;IDENTIFIED_DATE_INVALID
1020587140	e61455a4-352d-4c55-83ea-dbca254e3b29	CTP050612008180A00284a	Animalia	Chordata	Mammalia	Carnivora	Felidae	Panthera	Panthera tigris	tigris	SUBSPECIES	Panthera tigris tigris (Linnaeus, 1758)	Panthera tigris tigris (Linnaeus, 1758)		IN		Uttarakhand	PRESENT		4a19e429-8f13-478e-86d7-93adb7534524	29.899	78.275		0.01667									5K5M9	4CGXS	MACHINE_OBSERVATION	WII		CTP050612008180A00284a		Abishek Harihar, Bivash Pandav		CC_BY_NC_4_0					2026-08-12T22:40:59.164Z	StillImage	GEODETIC_DATUM_ASSUMED_WGS84;RECORDED_DATE_MISMATCH;IDENTIFIED_DATE_INVALID
1020587139	e61455a4-352d-4c55-83ea-dbca254e3b29	CTP050612005420A00030a	Animalia	Chordata	Mammalia	Carnivora	Felidae	Panthera	Panthera tigris	tigris	SUBSPECIES	Panthera tigris tigris (Linnaeus, 1758)	Panthera tigris tigris (Linnaeus, 1758)		IN	Chilla range	Uttarakhand	PRESENT		4a19e429-8f13-478e-86d7-93adb7534524	29.9702	78.2319		0.01667					2005-01-06	6	1	2005	5K5M9	4CGXS	MACHINE_OBSERVATION	WII		CTP050612005420A00030a		Abishek Harihar, Bivash Pandav		CC_BY_NC_4_0					2026-08-12T22:40:59.146Z	StillImage	GEODETIC_DATUM_ASSUMED_WGS84;RECORDED_DATE_INVALID;IDENTIFIED_DATE_INVALID
1020587135	e61455a4-352d-4c55-83ea-dbca254e3b29	CTP050612006230A00032a	Animalia	Chordata	Mammalia	Carnivora	Felidae	Panthera	Panthera tigris	tigris	SUBSPECIES	Panthera tigris tigris (Linnaeus, 1758)	Panthera tigris tigris (Linnaeus, 1758)		IN		Uttarakhand	PRESENT		4a19e429-8f13-478e-86d7-93adb7534524	29.9278	78.2668		0.01667					2006-01-08	8	1	2006	5K5M9	4CGXS	MACHINE_OBSERVATION	WII		CTP050612006230A00032a		Abishek Harihar, Bivash Pandav		CC_BY_NC_4_0					2026-08-12T22:40:59.122Z	StillImage	GEODETIC_DATUM_ASSUMED_WGS84;RECORDED_DATE_INVALID;IDENTIFIED_DATE_INVALID
1020587134	e61455a4-352d-4c55-83ea-dbca254e3b29	CTP050612006172A00037a	Animalia	Chordata	Mammalia	Carnivora	Felidae	Panthera	Panthera tigris	tigris	SUBSPECIES	Panthera tigris tigris (Linnaeus, 1758)	Panthera tigris tigris (Linnaeus, 1758)		IN		Uttarakhand	PRESENT		4a19e429-8f13-478e-86d7-93adb7534524	29.8999	78.3008		0.01667					2006-02-01	1	2	2006	5K5M9	4CGXS	MACHINE_OBSERVATION	WII		CTP050612006172A00037a		Abishek Harihar, Bivash Pandav		CC_BY_NC_4_0					2026-08-12T22:40:59.117Z	StillImage	GEODETIC_DATUM_ASSUMED_WGS84;RECORDED_DATE_INVALID;IDENTIFIED_DATE_INVALID
1020587133	e61455a4-352d-4c55-83ea-dbca254e3b29	CTP050612004262A00001a	Animalia	Chordata	Mammalia	Carnivora	Felidae	Panthera	Panthera tigris	tigris	SUBSPECIES	Panthera tigris tigris (Linnaeus, 1758)	Panthera tigris tigris (Linnaeus, 1758)		IN	Chilla range	Uttarakhand	PRESENT		4a19e429-8f13-478e-86d7-93adb7534524	29.9338	78.2916		0.01667					2004-05-27	27	5	2004	5K5M9	4CGXS	MACHINE_OBSERVATION	WII		CTP050612004262A00001a		Abishek Harihar, Bivash Pandav		CC_BY_NC_4_0					2026-08-12T22:40:59.110Z	StillImage	GEODETIC_DATUM_ASSUMED_WGS84;IDENTIFIED_DATE_INVALID
1020587130	e61455a4-352d-4c55-83ea-dbca254e3b29	CTP050612005323A00042a	Animalia	Chordata	Mammalia	Carnivora	Felidae	Panthera	Panthera tigris	tigris	SUBSPECIES	Panthera tigris tigris (Linnaeus, 1758)	Panthera tigris tigris (Linnaeus, 1758)		IN	Chilla range	Uttarakhand	PRESENT		4a19e429-8f13-478e-86d7-93adb7534524	29.9622	78.2877		0.01667					2005-01-31	31	1	2005	5K5M9	4CGXS	MACHINE_OBSERVATION	WII		CTP050612005323A00042a		Abishek Harihar, Bivash Pandav		CC_BY_NC_4_0					2026-08-12T22:40:59.098Z	StillImage	GEODETIC_DATUM_ASSUMED_WGS84;IDENTIFIED_DATE_INVALID
1020587129	e61455a4-352d-4c55-83ea-dbca254e3b29	CTP050612005282A00015a	Animalia	Chordata	Mammalia	Carnivora	Felidae	Panthera	Panthera tigris	tigris	SUBSPECIES	Panthera tigris tigris (Linnaeus, 1758)	Panthera tigris tigris (Linnaeus, 1758)		IN	Chilla range	Uttarakhand	PRESENT		4a19e429-8f13-478e-86d7-93adb7534524	29.9434	78.2445		0.01667					2005-01-13	13	1	2005	5K5M9	4CGXS	MACHINE_OBSERVATION	WII		CTP050612005282A00015a		Abishek Harihar, Bivash Pandav		CC_BY_NC_4_0					2026-08-12T22:40:59.073Z	StillImage	GEODETIC_DATUM_ASSUMED_WGS84;IDENTIFIED_DATE_INVALID
1020587128	e61455a4-352d-4c55-83ea-dbca254e3b29	CTP050612005264A00015a	Animalia	Chordata	Mammalia	Carnivora	Felidae	Panthera	Panthera tigris	tigris	SUBSPECIES	Panthera tigris tigris (Linnaeus, 1758)	Panthera tigris tigris (Linnaeus, 1758)		IN	Chilla range	Uttarakhand	PRESENT		4a19e429-8f13-478e-86d7-93adb7534524	29.9457	78.2934		0.01667					2005-03-25	25	3	2005	5K5M9	4CGXS	MACHINE_OBSERVATION	WII		CTP050612005264A00015a		Abishek Harihar, Bivash Pandav		CC_BY_NC_4_0					2026-08-12T22:40:59.069Z	StillImage	GEODETIC_DATUM_ASSUMED_WGS84;IDENTIFIED_DATE_INVALID
1020587127	e61455a4-352d-4c55-83ea-dbca254e3b29	CTP050612007265A00013a	Animalia	Chordata	Mammalia	Carnivora	Felidae	Panthera	Panthera tigris	tigris	SUBSPECIES	Panthera tigris tigris (Linnaeus, 1758)	Panthera tigris tigris (Linnaeus, 1758)		IN	Rajaji Minor	Uttarakhand	PRESENT		4a19e429-8f13-478e-86d7-93adb7534524	29.9488	78.2889		0.01667					2007-05-21	21	5	2007	5K5M9	4CGXS	MACHINE_OBSERVATION	WII		CTP050612007265A00013a		Abishek Harihar, Bivash Pandav		CC_BY_NC_4_0					2026-08-12T22:40:59.063Z	StillImage	GEODETIC_DATUM_ASSUMED_WGS84;IDENTIFIED_DATE_INVALID
1020587126	e61455a4-352d-4c55-83ea-dbca254e3b29	CTP050612006172A00062a	Animalia	Chordata	Mammalia	Carnivora	Felidae	Panthera	Panthera tigris	tigris	SUBSPECIES	Panthera tigris tigris (Linnaeus, 1758)	Panthera tigris tigris (Linnaeus, 1758)		IN		Uttarakhand	PRESENT		4a19e429-8f13-478e-86d7-93adb7534524	29.8999	78.3008		0.01667					2006-02-09	9	2	2006	5K5M9	4CGXS	MACHINE_OBSERVATION	WII		CTP050612006172A00062a		Abishek Harihar, Bivash Pandav		CC_BY_NC_4_0					2026-08-12T22:40:59.048Z	StillImage	GEODETIC_DATUM_ASSUMED_WGS84;RECORDED_DATE_INVALID;IDENTIFIED_DATE_INVALID
1020587125	e61455a4-352d-4c55-83ea-dbca254e3b29	CTP050612006172A00043a	Animalia	Chordata	Mammalia	Carnivora	Felidae	Panthera	Panthera tigris	tigris	SUBSPECIES	Panthera tigris tigris (Linnaeus, 1758)	Panthera tigris tigris (Linnaeus, 1758)		IN		Uttarakhand	PRESENT		4a19e429-8f13-478e-86d7-93adb7534524	29.8999	78.3008		0.01667					2006-02-04	4	2	2006	5K5M9	4CGXS	MACHINE_OBSERVATION	WII		CTP050612006172A00043a		Abishek Harihar, Bivash Pandav		CC_BY_NC_4_0					2026-08-12T22:40:59.043Z	StillImage	GEODETIC_DATUM_ASSUMED_WGS84;RECORDED_DATE_INVALID;IDENTIFIED_DATE_INVALID
1020587123	e61455a4-352d-4c55-83ea-dbca254e3b29	CTP050612005340A00011a	Animalia	Chordata	Mammalia	Carnivora	Felidae	Panthera	Panthera tigris	tigris	SUBSPECIES	Panthera tigris tigris (Linnaeus, 1758)	Panthera tigris tigris (Linnaeus, 1758)		IN	Chilla range	Uttarakhand	PRESENT		4a19e429-8f13-478e-86d7-93adb7534524	29.9644	78.2483		0.01667					2005-01-05	5	1	2005	5K5M9	4CGXS	MACHINE_OBSERVATION	WII		CTP050612005340A00011a		Abishek Harihar, Bivash Pandav		CC_BY_NC_4_0					2026-08-12T22:40:59.036Z	StillImage	GEODETIC_DATUM_ASSUMED_WGS84;RECORDED_DATE_INVALID;IDENTIFIED_DATE_INVALID
1020587122	e61455a4-352d-4c55-83ea-dbca254e3b29	CTP050612005420A00015a	Animalia	Chordata	Mammalia	Carnivora	Felidae	Panthera	Panthera tigris	tigris	SUBSPECIES	Panthera tigris tigris (Linnaeus, 1758)	Panthera tigris tigris (Linnaeus, 1758)		IN	Chilla range	Uttarakhand	PRESENT		4a19e429-8f13-478e-86d7-93adb7534524	29.9702	78.2319		0.01667					2005-03-03	3	3	2005	5K5M9	4CGXS	MACHINE_OBSERVATION	WII		CTP050612005420A00015a		Abishek Harihar, Bivash Pandav		CC_BY_NC_4_0					2026-08-12T22:40:59.011Z	StillImage	GEODETIC_DATUM_ASSUMED_WGS84;IDENTIFIED_DATE_INVALID
1020587121	e61455a4-352d-4c55-83ea-dbca254e3b29	CTP050612005321A00060a	Animalia	Chordata	Mammalia	Carnivora	Felidae	Panthera	Panthera tigris	tigris	SUBSPECIES	Panthera tigris tigris (Linnaeus, 1758)	Panthera tigris tigris (Linnaeus, 1758)		IN	Chilla range	Uttarakhand	PRESENT		4a19e429-8f13-478e-86d7-93adb7534524	29.9556	78.2977		0.01667					2005-03-27	27	3	2005	5K5M9	4CGXS	MACHINE_OBSERVATION	WII		CTP050612005321A00060a		Abishek Harihar, Bivash Pandav		CC_BY_NC_4_0					2026-08-12T22:40:59.005Z	StillImage	GEODETIC_DATUM_ASSUMED_WGS84;IDENTIFIED_DATE_INVALID
1020587119	e61455a4-352d-4c55-83ea-dbca254e3b29	CTP050612007272A00018a	Animalia	Chordata	Mammalia	Carnivora	Felidae	Panthera	Panthera tigris	tigris	SUBSPECIES	Panthera tigris tigris (Linnaeus, 1758)	Panthera tigris tigris (Linnaeus, 1758)		IN	East Rajaji National Park	Uttarakhand	PRESENT		4a19e429-8f13-478e-86d7-93adb7534524	29.9435	78.2783		0.01667					2007-04-17	17	4	2007	5K5M9	4CGXS	MACHINE_OBSERVATION	WII		CTP050612007272A00018a		Abishek Harihar, Bivash Pandav		CC_BY_NC_4_0					2026-08-12T22:40:59.001Z	StillImage	GEODETIC_DATUM_ASSUMED_WGS84;IDENTIFIED_DATE_INVALID
1020587118	e61455a4-352d-4c55-83ea-dbca254e3b29	CTP050612007272A00419a	Animalia	Chordata	Mammalia	Carnivora	Felidae	Panthera	Panthera tigris	tigris	SUBSPECIES	Panthera tigris tigris (Linnaeus, 1758)	Panthera tigris tigris (Linnaeus, 1758)		IN	East Rajaji National Park	Uttarakhand	PRESENT		4a19e429-8f13-478e-86d7-93adb7534524	29.9435	78.2783		0.01667					2007-04-17	17	4	2007	5K5M9	4CGXS	MACHINE_OBSERVATION	WII		CTP050612007272A00419a		Abishek Harihar, Bivash Pandav		CC_BY_NC_4_0					2026-08-12T22:40:58.994Z	StillImage	GEODETIC_DATUM_ASSUMED_WGS84;IDENTIFIED_DATE_INVALID
1020587117	e61455a4-352d-4c55-83ea-dbca254e3b29	CTP050612006430A00032a	Animalia	Chordata	Mammalia	Carnivora	Felidae	Panthera	Panthera tigris	tigris	SUBSPECIES	Panthera tigris tigris (Linnaeus, 1758)	Panthera tigris tigris (Linnaeus, 1758)		IN		Uttarakhand	PRESENT		4a19e429-8f13-478e-86d7-93adb7534524	29.9685	78.2145		0.01667					2006-02-18	18	2	2006	5K5M9	4CGXS	MACHINE_OBSERVATION	WII		CTP050612006430A00032a		Abishek Harihar, Bivash Pandav		CC_BY_NC_4_0					2026-08-12T22:40:58.987Z	StillImage	GEODETIC_DATUM_ASSUMED_WGS84;IDENTIFIED_DATE_INVALID
1020587115	e61455a4-352d-4c55-83ea-dbca254e3b29	CTP050612007272A00019a	Animalia	Chordata	Mammalia	Carnivora	Felidae	Panthera	Panthera tigris	tigris	SUBSPECIES	Panthera tigris tigris (Linnaeus, 1758)	Panthera tigris tigris (Linnaeus, 1758)		IN	Rajaji Minor	Uttarakhand	PRESENT		4a19e429-8f13-478e-86d7-93adb7534524	29.9435	78.2783		0.01667					2007-04-17	17	4	2007	5K5M9	4CGXS	MACHINE_OBSERVATION	WII		CTP050612007272A00019a		Abishek Harihar, Bivash Pandav		CC_BY_NC_4_0					2026-08-12T22:40:58.979Z	StillImage	GEODETIC_DATUM_ASSUMED_WGS84;IDENTIFIED_DATE_INVALID
1020587114	e61455a4-352d-4c55-83ea-dbca254e3b29	CTP050612005262A00073a	Animalia	Chordata	Mammalia	Carnivora	Felidae	Panthera	Panthera tigris	tigris	SUBSPECIES	Panthera tigris tigris (Linnaeus, 1758)	Panthera tigris tigris (Linnaeus, 1758)		IN	Chilla range	Uttarakhand	PRESENT		4a19e429-8f13-478e-86d7-93adb7534524	29.9338	78.2916		0.01667					2005-02-02	2	2	2005	5K5M9	4CGXS	MACHINE_OBSERVATION	WII		CTP050612005262A00073a		Abishek Harihar, Bivash Pandav		CC_BY_NC_4_0					2026-08-12T22:40:58.901Z	StillImage	GEODETIC_DATUM_ASSUMED_WGS84;IDENTIFIED_DATE_INVALID
1020587113	e61455a4-352d-4c55-83ea-dbca254e3b29	CTP050612004262B00002a	Animalia	Chordata	Mammalia	Carnivora	Felidae	Panthera	Panthera tigris	tigris	SUBSPECIES	Panthera tigris tigris (Linnaeus, 1758)	Panthera tigris tigris (Linnaeus, 1758)		IN	Chilla range	Uttarakhand	PRESENT		4a19e429-8f13-478e-86d7-93adb7534524	29.9338	78.2916		0.01667					2004-06-13	13	6	2004	5K5M9	4CGXS	MACHINE_OBSERVATION	WII		CTP050612004262B00002a		Abishek Harihar, Bivash Pandav		CC_BY_NC_4_0					2026-08-12T22:40:58.898Z	StillImage	GEODETIC_DATUM_ASSUMED_WGS84;IDENTIFIED_DATE_INVALID
1020587112	e61455a4-352d-4c55-83ea-dbca254e3b29	CTP050612005290A00001a	Animalia	Chordata	Mammalia	Carnivora	Felidae	Panthera	Panthera tigris	tigris	SUBSPECIES	Panthera tigris tigris (Linnaeus, 1758)	Panthera tigris tigris (Linnaeus, 1758)		IN	Chilla range	Uttarakhand	PRESENT		4a19e429-8f13-478e-86d7-93adb7534524	29.9403	78.2414		0.01667					2005-01-06	6	1	2005	5K5M9	4CGXS	MACHINE_OBSERVATION	WII		CTP050612005290A00001a		Abishek Harihar, Bivash Pandav		CC_BY_NC_4_0					2026-08-12T22:40:58.890Z	StillImage	GEODETIC_DATUM_ASSUMED_WGS84;RECORDED_DATE_INVALID;IDENTIFIED_DATE_INVALID
1020587110	e61455a4-352d-4c55-83ea-dbca254e3b29	CTP050612005421A00007a	Animalia	Chordata	Mammalia	Carnivora	Felidae	Panthera	Panthera tigris	tigris	SUBSPECIES	Panthera tigris tigris (Linnaeus, 1758)	Panthera tigris tigris (Linnaeus, 1758)		IN	Chilla range	Uttarakhand	PRESENT		4a19e429-8f13-478e-86d7-93adb7534524	29.97	78.2277		0.01667					2005-03-08	8	3	2005	5K5M9	4CGXS	MACHINE_OBSERVATION	WII		CTP050612005421A00007a		Abishek Harihar, Bivash Pandav		CC_BY_NC_4_0					2026-08-12T22:40:58.859Z	StillImage	GEODETIC_DATUM_ASSUMED_WGS84;RECORDED_DATE_INVALID;IDENTIFIED_DATE_INVALID
1020587109	e61455a4-352d-4c55-83ea-dbca254e3b29	CTP050612005180A00039a	Animalia	Chordata	Mammalia	Carnivora	Felidae	Panthera	Panthera tigris	tigris	SUBSPECIES	Panthera tigris tigris (Linnaeus, 1758)	Panthera tigris tigris (Linnaeus, 1758)		IN	Chilla range	Uttarakhand	PRESENT		4a19e429-8f13-478e-86d7-93adb7534524	29.8988	78.278		0.01667					2005-02-16	16	2	2005	5K5M9	4CGXS	MACHINE_OBSERVATION	WII		CTP050612005180A00039a		Abishek Harihar, Bivash Pandav		CC_BY_NC_4_0					2026-08-12T22:40:58.853Z	StillImage	GEODETIC_DATUM_ASSUMED_WGS84;IDENTIFIED_DATE_INVALID
1020587108	e61455a4-352d-4c55-83ea-dbca254e3b29	CTP050612006211A00006a	Animalia	Chordata	Mammalia	Carnivora	Felidae	Panthera	Panthera tigris	tigris	SUBSPECIES	Panthera tigris tigris (Linnaeus, 1758)	Panthera tigris tigris (Linnaeus, 1758)		IN		Uttarakhand	PRESENT		4a19e429-8f13-478e-86d7-93adb7534524	29.9308	78.3095		0.01667					2006-01-29	29	1	2006	5K5M9	4CGXS	MACHINE_OBSERVATION	WII		CTP050612006211A00006a		Abishek Harihar, Bivash Pandav		CC_BY_NC_4_0					2026-08-12T22:40:58.838Z	StillImage	GEODETIC_DATUM_ASSUMED_WGS84;IDENTIFIED_DATE_INVALID
1020587104	e61455a4-352d-4c55-83ea-dbca254e3b29	CTP050612006211A00007a	Animalia	Chordata	Mammalia	Carnivora	Felidae	Panthera	Panthera tigris	tigris	SUBSPECIES	Panthera tigris tigris (Linnaeus, 1758)	Panthera tigris tigris (Linnaeus, 1758)		IN		Uttarakhand	PRESENT		4a19e429-8f13-478e-86d7-93adb7534524	29.9308	78.3095		0.01667					2006-01-30	30	1	2006	5K5M9	4CGXS	MACHINE_OBSERVATION	WII		CTP050612006211A00007a		Abishek Harihar, Bivash Pandav		CC_BY_NC_4_0					2026-08-12T22:40:58.832Z	StillImage	GEODETIC_DATUM_ASSUMED_WGS84;IDENTIFIED_DATE_INVALID
1020587103	e61455a4-352d-4c55-83ea-dbca254e3b29	CTP050612004331A00001a	Animalia	Chordata	Mammalia	Carnivora	Felidae	Panthera	Panthera tigris	tigris	SUBSPECIES	Panthera tigris tigris (Linnaeus, 1758)	Panthera tigris tigris (Linnaeus, 1758)		IN	Chilla range	Uttarakhand	PRESENT		4a19e429-8f13-478e-86d7-93adb7534524	29.9518	78.269		0.01667					2004-07-01	1	7	2004	5K5M9	4CGXS	MACHINE_OBSERVATION	WII		CTP050612004331A00001a		Abishek Harihar, Bivash Pandav		CC_BY_NC_4_0					2026-08-12T22:40:58.826Z	StillImage	GEODETIC_DATUM_ASSUMED_WGS84;RECORDED_DATE_INVALID;IDENTIFIED_DATE_INVALID
1020587098	e61455a4-352d-4c55-83ea-dbca254e3b29	CTP050612005350A00009a	Animalia	Chordata	Mammalia	Carnivora	Felidae	Panthera	Panthera tigris	tigris	SUBSPECIES	Panthera tigris tigris (Linnaeus, 1758)	Panthera tigris tigris (Linnaeus, 1758)		IN	Chilla range	Uttarakhand	PRESENT		4a19e429-8f13-478e-86d7-93adb7534524	29.9597	78.2296		0.01667					2005-03-03	3	3	2005	5K5M9	4CGXS	MACHINE_OBSERVATION	WII		CTP050612005350A00009a		Abishek Harihar, Bivash Pandav		CC_BY_NC_4_0					2026-08-12T22:40:58.810Z	StillImage	GEODETIC_DATUM_ASSUMED_WGS84;IDENTIFIED_DATE_INVALID
1020587094	e61455a4-352d-4c55-83ea-dbca254e3b29	CTP050612006172A00005a	Animalia	Chordata	Mammalia	Carnivora	Felidae	Panthera	Panthera tigris	tigris	SUBSPECIES	Panthera tigris tigris (Linnaeus, 1758)	Panthera tigris tigris (Linnaeus, 1758)		IN		Uttarakhand	PRESENT		4a19e429-8f13-478e-86d7-93adb7534524	29.8999	78.3008		0.01667					2006-03-19	19	3	2006	5K5M9	4CGXS	MACHINE_OBSERVATION	WII		CTP050612006172A00005a		Abishek Harihar, Bivash Pandav		CC_BY_NC_4_0					2026-08-12T22:40:58.785Z	StillImage	GEODETIC_DATUM_ASSUMED_WGS84;IDENTIFIED_DATE_INVALID
1020587093	e61455a4-352d-4c55-83ea-dbca254e3b29	CTP050612005421A00012a	Animalia	Chordata	Mammalia	Carnivora	Felidae	Panthera	Panthera tigris	tigris	SUBSPECIES	Panthera tigris tigris (Linnaeus, 1758)	Panthera tigris tigris (Linnaeus, 1758)		IN	Chilla range	Uttarakhand	PRESENT		4a19e429-8f13-478e-86d7-93adb7534524	29.97	78.2277		0.01667					2005-03-08	8	3	2005	5K5M9	4CGXS	MACHINE_OBSERVATION	WII		CTP050612005421A00012a		Abishek Harihar, Bivash Pandav		CC_BY_NC_4_0					2026-08-12T22:40:58.760Z	StillImage	GEODETIC_DATUM_ASSUMED_WGS84;RECORDED_DATE_INVALID;IDENTIFIED_DATE_INVALID
1020587092	e61455a4-352d-4c55-83ea-dbca254e3b29	CTP050612006130A00007a	Animalia	Chordata	Mammalia	Carnivora	Felidae	Panthera	Panthera tigris	tigris	SUBSPECIES	Panthera tigris tigris (Linnaeus, 1758)	Panthera tigris tigris (Linnaeus, 1758)		IN		Uttarakhand	PRESENT		4a19e429-8f13-478e-86d7-93adb7534524	29.8915	78.2848		0.01667					2006-01-31	31	1	2006	5K5M9	4CGXS	MACHINE_OBSERVATION	WII		CTP050612006130A00007a		Abishek Harihar, Bivash Pandav		CC_BY_NC_4_0					2026-08-12T22:40:58.738Z	StillImage	GEODETIC_DATUM_ASSUMED_WGS84;IDENTIFIED_DATE_INVALID
1020587091	e61455a4-352d-4c55-83ea-dbca254e3b29	CTP050612005363A00022a	Animalia	Chordata	Mammalia	Carnivora	Felidae	Panthera	Panthera tigris	tigris	SUBSPECIES	Panthera tigris tigris (Linnaeus, 1758)	Panthera tigris tigris (Linnaeus, 1758)		IN		Uttarakhand	PRESENT		4a19e429-8f13-478e-86d7-93adb7534524	29.9533	78.2138		0.01667					2005-12-29	29	12	2005	5K5M9	4CGXS	MACHINE_OBSERVATION	WII		CTP050612005363A00022a		Abishek Harihar, Bivash Pandav		CC_BY_NC_4_0					2026-08-12T22:40:58.702Z	StillImage	GEODETIC_DATUM_ASSUMED_WGS84;IDENTIFIED_DATE_INVALID
1020587090	e61455a4-352d-4c55-83ea-dbca254e3b29	CTP050612005220A00073a	Animalia	Chordata	Mammalia	Carnivora	Felidae	Panthera	Panthera tigris	tigris	SUBSPECIES	Panthera tigris tigris (Linnaeus, 1758)	Panthera tigris tigris (Linnaeus, 1758)		IN	Chilla range	Uttarakhand	PRESENT		4a19e429-8f13-478e-86d7-93adb7534524	29.9128	78.2941		0.01667					2005-04-09	9	4	2005	5K5M9	4CGXS	MACHINE_OBSERVATION	WII		CTP050612005220A00073a		Abishek Harihar, Bivash Pandav		CC_BY_NC_4_0					2026-08-12T22:40:58.655Z	StillImage	GEODETIC_DATUM_ASSUMED_WGS84;RECORDED_DATE_INVALID;IDENTIFIED_DATE_INVALID
1020587085	e61455a4-352d-4c55-83ea-dbca254e3b29	CTP050612005290A00002a	Animalia	Chordata	Mammalia	Carnivora	Felidae	Panthera	Panthera tigris	tigris	SUBSPECIES	Panthera tigris tigris (Linnaeus, 1758)	Panthera tigris tigris (Linnaeus, 1758)		IN	Chilla range	Uttarakhand	PRESENT		4a19e429-8f13-478e-86d7-93adb7534524	29.9403	78.2414		0.01667					2005-01-06	6	1	2005	5K5M9	4CGXS	MACHINE_OBSERVATION	WII		CTP050612005290A00002a		Abishek Harihar, Bivash Pandav		CC_BY_NC_4_0					2026-08-12T22:40:58.632Z	StillImage	GEODETIC_DATUM_ASSUMED_WGS84;RECORDED_DATE_INVALID;IDENTIFIED_DATE_INVALID
1020587069	e61455a4-352d-4c55-83ea-dbca254e3b29	CTP050612005261A00066a	Animalia	Chordata	Mammalia	Carnivora	Felidae	Panthera	Panthera tigris	tigris	SUBSPECIES	Panthera tigris tigris (Linnaeus, 1758)	Panthera tigris tigris (Linnaeus, 1758)		IN	Chilla range	Uttarakhand	PRESENT		4a19e429-8f13-478e-86d7-93adb7534524	29.9316	78.2962		0.01667					2005-04-09	9	4	2005	5K5M9	4CGXS	MACHINE_OBSERVATION	WII		CTP050612005261A00066a		Abishek Harihar, Bivash Pandav		CC_BY_NC_4_0					2026-08-12T22:40:58.606Z	StillImage	GEODETIC_DATUM_ASSUMED_WGS84;RECORDED_DATE_INVALID;IDENTIFIED_DATE_INVALID
1020587067	e61455a4-352d-4c55-83ea-dbca254e3b29	CTP050612005282A00005a	Animalia	Chordata	Mammalia	Carnivora	Felidae	Panthera	Panthera tigris	tigris	SUBSPECIES	Panthera tigris tigris (Linnaeus, 1758)	Panthera tigris tigris (Linnaeus, 1758)		IN	Chilla range	Uttarakhand	PRESENT		4a19e429-8f13-478e-86d7-93adb7534524	29.9434	78.2445		0.01667					2005-02-22	22	2	2005	5K5M9	4CGXS	MACHINE_OBSERVATION	WII		CTP050612005282A00005a		Abishek Harihar, Bivash Pandav		CC_BY_NC_4_0					2026-08-12T22:40:58.586Z	StillImage	GEODETIC_DATUM_ASSUMED_WGS84;IDENTIFIED_DATE_INVALID
1020587063	e61455a4-352d-4c55-83ea-dbca254e3b29	CTP050612005261A00013a	Animalia	Chordata	Mammalia	Carnivora	Felidae	Panthera	Panthera tigris	tigris	SUBSPECIES	Panthera tigris tigris (Linnaeus, 1758)	Panthera tigris tigris (Linnaeus, 1758)		IN	Chilla range	Uttarakhand	PRESENT		4a19e429-8f13-478e-86d7-93adb7534524	29.9316	78.2962		0.01667					2005-02-09	9	2	2005	5K5M9	4CGXS	MACHINE_OBSERVATION	WII		CTP050612005261A00013a		Abishek Harihar, Bivash Pandav		CC_BY_NC_4_0					2026-08-12T22:40:58.522Z	StillImage	GEODETIC_DATUM_ASSUMED_WGS84;RECORDED_DATE_INVALID;IDENTIFIED_DATE_INVALID
